"ShippingID";"OrderID";"Shipping_Status";"AddressID"
"0005dff8-370c-4157-a1cc-2f5ecea15021";"be7b8015-e761-46f8-98a0-848c256225ac";"4";"31258e8f-0bcf-459a-8851-fcfcf67e3d7e"
"000f2f8e-6e1f-4d7a-b106-a6d4b160cb20";"80b46546-ae5a-4948-9be3-37bd6b94a452";"4";"1a02c235-4418-496c-9cba-393b7285f5be"
"0072b8d7-2f43-4bf0-a268-53067e789b68";"9ad9f020-9e65-4caa-bea7-762d89faf684";"4";"ea881668-911b-428c-8b0b-2f214ebffc29"
"0099dca0-93d8-4fcc-bfa8-fb30fdd046b0";"38a83bd2-b975-42d2-b0ff-0c4a38965591";"4";"1e84b1de-e41e-4e99-b8e2-7974c95f097c"
"009ee891-716e-439b-aa47-3d4dd677f72d";"0bf6bf9a-3e98-43fe-8963-49bc412157e7";"4";"d4ea80c5-27d0-4ab7-b1fd-1d325d43c487"
"00e7958a-981e-486c-8524-a09e3ca1106a";"daaf9056-9fd3-45d9-b46b-e25c9145755b";"4";"56d13638-4059-4ce9-973e-0ffda4c23cfe"
"012adbbb-2a72-454c-bccd-26b4e4222a20";"c32d4622-2aad-4ab8-b56c-04d810ae56c3";"4";"74d82ce5-a08f-4f15-baa7-5531ebc83b19"
"012cf61a-875f-4ca9-a18a-77757c1e9d38";"b113af22-3a60-4642-b28b-83c5a4f6a412";"4";"a4492ed1-4ae1-41e1-9829-95cb61dc864a"
"0133fc72-9ea1-466c-b9eb-3e989528d059";"092fde65-5d6a-46ba-82d0-76d58bcb4dd7";"4";"6ab6e5dd-9ee6-41d9-9a55-0e060c4aac51"
"0197d887-339e-4238-9b26-be867c431370";"708bf46f-ed21-4cc7-ac05-d31cbedd1c51";"4";"1dc21c28-8cca-4455-b61d-175cbe1c5103"
"02eaea89-0525-4fcd-be09-971046274cec";"ea488505-2434-470d-84e7-30042275f014";"4";"202a945c-c22d-4362-8e28-37c2107d15a7"
"0312f5c2-30b8-45de-bf4b-a9b3b1afb380";"63fbf228-d264-4530-a220-3d6729e6f77a";"4";"03160045-adaa-49ef-8302-331aaa3ff026"
"03cca855-8848-4d0c-8d43-4fe8f072897a";"f45ddba9-56a1-4541-a8d8-90ed79fbc306";"4";"3bdff028-5caa-4b27-a73a-fd6203f70cc8"
"03f98890-f7f7-4f24-9226-ac81c88cd022";"699bfac5-0b79-415a-a5b1-ef4b85275eab";"4";"a40deda7-2c6c-4205-8856-6094f2419e8a"
"043a8d75-31aa-4723-8646-39745eb749ec";"423dc747-2e8b-4f49-b957-1740d85d105c";"4";"b9966370-2685-4bcc-b964-7ffc996728cb"
"04a8fe42-7532-4a00-bdbd-947a825fdfc8";"33779b49-f7c2-4ce3-a6c4-f2e208cc21bb";"4";"074fba67-d7a5-40cc-abd2-defd77fc8483"
"04b078cb-6fe8-4062-8256-8a2e11c0e3a6";"45158e55-a4ff-4ed9-bb66-6e7545a214eb";"4";"09a035ec-03b1-4e0f-9a3a-c84ef94083b0"
"04cadb70-e470-4488-b446-288b5838322a";"25581235-a67e-4a2d-99ce-81fd65752c98";"4";"72dc18b4-9d47-4d6b-b4e4-a6a09f414171"
"04dc48d1-ccf3-4bd0-a62f-8424c5839ff0";"ffe7a592-095a-4d58-bbba-639fb90d5e4f";"4";"0cf577aa-3694-45e3-92c0-d42731477c67"
"0507e404-5e19-4268-b408-d15829703e96";"7e8d1056-1a23-490f-90dd-8b066c007d7f";"4";"d3aee5d1-5f7d-440f-9e7a-e7c6bb0b15a1"
"05270c9d-a310-42c1-9435-1b4bdbb52064";"98ef6ff9-c95a-4636-8673-efb1798cf2ee";"4";"de208898-468f-468e-bd06-1829b0e9e56a"
"052e5c3c-ccdb-4b60-ac7d-f2e01ff5e24e";"f6cfa3ee-8698-487d-8ceb-f085903fe0e2";"4";"ef751b25-a4f9-4b6b-ad68-193192ad4f7f"
"062f1187-7162-4c36-80ac-416405962a6b";"d092a290-fe9a-40f5-9301-5ff5f1122524";"4";"08d9510a-56c7-486c-a864-fb09d4b68396"
"066f1653-7279-44a1-9867-399019eec7c7";"3d357c44-5ea9-4a44-bb05-a63f631a2605";"4";"fe93f6f7-05d6-442c-bc28-2008b968a0a9"
"067aa15b-159a-44a0-87fb-2992d6d3f6a3";"02283ab6-b3b9-48c5-a69a-d6e698f73a47";"4";"48a94325-a0a4-4e17-8651-0baff0f476f3"
"06e9e775-dcef-4903-b115-66fb85af08d5";"98ec161d-4d5d-41cd-a764-af9710f02c23";"4";"683c9b20-6275-4866-a0c2-9b2dbcc60ed8"
"0719b2e8-4d59-4d6d-8331-e156ded423b5";"fe06122e-7a91-4852-95d7-f8ada3b1d9ba";"4";"5c0547d6-bb04-48df-8e16-66b5a49cb34b"
"077881d4-11f9-43a7-bbed-186c59554d41";"4c6d03c2-e90d-4e69-bddf-85559993ee21";"4";"254d16b4-64d2-440a-9ad3-6239d875f368"
"07c5aaa0-3995-4613-a8da-549cc5dd2b66";"965835dd-05e5-469f-8e5d-2c4ac46a3dbc";"4";"d77a9f99-d950-4e22-82c5-1e1fe985e629"
"08494dbf-84c3-4d86-a381-72a9e8b5e795";"0820d2f8-3955-4d7d-ba89-046aca601c7a";"4";"cf4a9cd3-5f4f-47ec-a3d5-4f17b6f10200"
"08a065be-850e-4218-8598-428b43bc5640";"e815ba7d-b85c-4395-9526-fc31e063b723";"4";"19db1a29-7b42-4e2f-85e7-05c3b6f4408a"
"090ef414-e48e-42b3-95d3-7aa9029d306a";"b601c33a-570a-43db-b48d-a4c4b188fc55";"4";"cfad59c4-8316-4ac7-ba9f-65844f154ee7"
"092287e1-d6f9-40f3-88b3-0ce0ace1a7b6";"cfd0fbd4-5fd2-405f-818c-fcba21d9eb23";"4";"e66c60de-2e68-432f-89db-6ea47fac74e5"
"09d11a18-e408-42f9-8c06-1123fb08f0fd";"15c57fb9-b3fa-4e8b-8849-a63d6e6a377e";"4";"f5ff8a9d-469e-40e4-85fe-2c1b36c93dd5"
"09de3ad3-9fb5-4999-973d-febfc85877d5";"dabff6aa-47fd-4cbb-a886-37bdf7660b1b";"4";"c59676bc-62be-40ae-a861-e508ebceb53c"
"0a8689cb-6d47-46f1-aa38-08d47b7d9dd2";"8a3658ec-58e3-4df5-9a42-19bb0ad128c4";"4";"ae1b574b-84a2-4594-966d-b09da570b98e"
"0aa313f2-7534-48d5-b7a0-b82490bffda8";"fe1c435d-267a-42ff-9ab5-3d836eb73059";"4";"8a7d7000-9c33-4887-a9d6-896dc17a9995"
"0ab062cb-afa6-48a4-981e-c68f74f39355";"821a7f38-3adb-4ebc-8158-3c46f77e75b6";"4";"c54fab75-e4bb-4968-a49c-6a9860049428"
"0ada1edf-3d47-4ccf-b2f8-e992fed9da30";"9b602417-02ca-42e2-92c1-b7a6822fa1e8";"4";"98d6cc9b-dfbc-42a9-82ec-a281dd96ba4f"
"0ada4554-9177-4e5d-9e37-0095a9c92df2";"4c6bcfad-e852-4b74-a249-05f1c4f676cf";"4";"ee44868d-6483-411f-a344-6c96a1c58242"
"0bca1733-1bb0-4425-a60e-fbfb54338996";"e3180a04-60b1-49dc-9525-2c2cc8943bff";"4";"cf749649-6275-4378-8907-860776c881bf"
"0bef910c-ea48-4158-82e9-c9c04627a4bf";"8c627971-6760-4aae-b029-41d47793bff6";"4";"77d36b99-bd34-4100-a22f-37189ec2e106"
"0c247544-4c0d-4dcb-87e6-a49a2e19ece2";"d110139c-ee88-4bc3-b703-cc0dc7800598";"4";"563544e7-8e33-4fb0-ace7-d4bf75ed3279"
"0c9aad46-5ded-4180-9475-9957109982e8";"67d72059-265c-4357-9771-6f63044b5be0";"4";"390bb4c2-faa3-48d8-a6a7-c3507f29a188"
"0d141032-b8e6-4849-8e98-fda4769c0c05";"ebe862ee-f684-4acb-8e1f-35e54152668c";"4";"c406fdba-0e77-418a-b175-67307a693795"
"0d155088-d960-41ec-9862-ce098ad59703";"cdfd9908-3d24-4401-a250-bfc34be9e787";"4";"e9fabdaf-5baf-4287-9927-bfe499838940"
"0e254df0-fff9-4e80-ab63-3b8580273cc4";"768fb89c-61e4-4a08-9492-e828c3c15a6a";"4";"70948f7e-70ec-4f30-9244-f6345020ad63"
"0e2b66e4-5459-418c-889f-ec965b0639ca";"90ada343-f9e4-4b97-a88d-2ce057dcb17c";"4";"d9ef3042-aff9-4df6-af68-78181f7577b6"
"0e6607e6-80ef-4583-97b6-f67fb0e59aa6";"b54a3721-3f45-46ad-bf62-9cd662eac65a";"4";"e59237ac-262b-46bc-8ad7-81398959356e"
"0e8ac095-a426-4467-bc9e-28ce6086720e";"1a13bb27-51af-4798-ae79-a34d29c669b8";"4";"e3bbdcfd-9523-4824-9455-dbcff891362b"
"0f960668-c529-49d8-a951-6ccb22360f28";"fe553475-2aea-48b4-a735-432fb2f7aa15";"4";"1ae974e1-2181-4ce4-a3dc-49b55f426841"
"0fd156c9-dc97-47ab-aba1-eb0dc45eebd4";"4c2f98b1-b842-4370-8449-e705ab993ad2";"4";"7ad624e8-6bce-4720-8935-430fd2ba39f8"
"10137016-0c59-49c3-91e6-5178d9a41817";"ad7efe0f-171a-4baa-8e19-0500712ac673";"4";"e8feff7d-645c-4cf4-ade5-897265f0baae"
"102dbc67-6ead-4176-a941-3cd2d64426fa";"d25fb400-0642-4687-9a7e-9ba8fafb3955";"4";"6c2534cd-c1ef-48c8-be00-d50ca4eeb41c"
"10e734c2-500e-4c69-8dfa-27158b72f299";"dd867d70-6a07-4e68-868d-020400a532d8";"4";"0fc91056-ffad-4655-bb62-2ff2fdf05d17"
"1106672c-6b79-49d3-8791-c24d40cb91e9";"11b4393e-013a-4ba0-8c1b-a43e8f870d92";"4";"bdbbd7b6-3cdd-4455-8ef7-42db9a074c50"
"11183be3-0354-4c5e-8cc2-819fa61f064e";"c536e0a3-8533-49bf-8ec7-5199dcd121d1";"4";"bea49904-87ba-4c61-bb6a-6a0d665efecc"
"113b8f95-9110-4808-a5c5-b7bedf5526ab";"743c824a-db39-4d4d-bd64-a67e7928edef";"4";"97b869d9-2a7e-4e1e-aba3-84044ac3626f"
"118e9189-a571-4b95-8f05-b82bc153235b";"ea6ed3bd-9bca-4772-8a5c-8a03e2b34a79";"4";"21c70439-5b8a-4833-b8d0-f23a663d3f18"
"11e60eef-29ac-44b3-bf3f-881f397df294";"0b2c6f79-74ca-428a-945f-7fb3a7e708ec";"4";"ff1466a8-9dde-4f44-85ce-4286d1e56075"
"1224cd1e-36fa-4589-b119-aecde282fda7";"a909cf03-da61-449c-b52e-2bbb372b7b31";"4";"55075b90-cfd9-4afb-a08a-2f04a5a3829b"
"12f58c80-fe5f-4af4-8ae1-9a8d85094864";"70774741-2f6f-4a4f-9e5c-8e90d27f7b7d";"4";"47fe0864-ff26-419f-81d6-2faf8f86d332"
"13046ff8-998b-411c-ab54-8466f3f8891a";"bdb4206d-11f8-445b-8f62-d833606baf35";"4";"57db2099-a8e5-44ef-ba91-34736f58862e"
"136f6b08-5d02-4ac0-ad17-f66e4ff92e7d";"7f54acac-5377-45e3-ac14-a4f610033a0b";"4";"bf963ac1-ea4c-4718-85bf-3cb7906add40"
"13810c53-192f-4467-8fd4-9e5e1aef09d0";"caa63356-35dc-41a7-b5cf-f64c30a450cc";"4";"ccf988af-76a6-4b3b-a970-8e650cd37ea1"
"138a4cdd-0971-4cfe-a005-a6ba6d8855c6";"49acfc93-ac0b-4052-a8f7-613b182fcbd1";"4";"d8afb385-4251-40cd-84a9-a0d173cf4fe0"
"1405dd3b-f218-48b3-84ef-7cb36a077524";"e5b0a8fe-fb4b-4164-90de-1877b00d5ad1";"4";"a709b2ae-b303-4048-a3a7-153260dc913c"
"143b6858-77fa-481b-8570-de476a9470ab";"dc018245-d1fc-482f-a77e-e202b840cef2";"4";"3f130b66-c8c3-4b74-bb36-1d522ebc1cbf"
"1472bc89-2178-4751-be0f-2b01e32d06b0";"bb8e7ce3-6e86-41c8-8b20-3f81b8bcb7ef";"4";"f6b18248-7df2-42b1-8bc0-f4b9ac7e9253"
"14b101d1-f7fe-4367-8e44-3feb42e5a91b";"abf21b92-6f3a-4fa3-a679-72ae44611205";"4";"0becdc54-df0c-4ff5-b5cb-a1c8ad3c9125"
"14d1f221-0e28-4a8c-b072-b0bd928d4b14";"5de4abdd-5d1b-46b6-b216-821d35ac8c87";"4";"38463dc7-8c25-463c-9224-0f308f9247c0"
"14ed2ee6-f850-40e8-8911-c3522071892d";"32df3ea7-9690-4639-93a2-446b37227949";"4";"70727af3-7c85-45e0-ad2f-c1e8ce365e34"
"1557a8b8-7b02-4bee-b7fb-c3486c073946";"9fe79731-951f-494b-ad90-6e1a786c43b9";"4";"19912c63-7d23-4332-b17f-9d12fb379657"
"15e3022e-758b-4b73-bfde-ffac63b6ed2d";"2975ee97-c4fc-4fa2-a600-4ce0bc058328";"4";"b95f3d41-7e13-4450-bf07-7d48e75037b9"
"16697eab-0d1a-43f4-a2d0-8c9dcc764cdd";"499bae56-9383-4a24-b407-62a5be773ba1";"4";"7a157f4a-5f8a-42fb-a536-53cb1125fedf"
"16de0c4c-e82c-4c62-bd22-6ae8c1f0f40a";"192428a1-ef21-4c2a-8353-cec38b887f58";"4";"2f5ef1f2-be20-4e4c-a730-de7c598bb89d"
"16e22643-f815-444d-b98d-2f5bb2ade54e";"bdc09ec8-eeb4-4404-b04f-d5ef70b5e01e";"4";"9c9890a8-d4f5-4e41-a532-d630a48f6502"
"17777549-36dd-456e-9b41-4cc029fb677a";"d74073ae-30eb-4c4b-ac8e-0f4b5ba3584d";"4";"c3c9a78f-d95e-4a26-9b89-972fa6399c98"
"17a38e9a-6358-47e6-82c2-fcb151782628";"4bac757e-f2d5-4909-951e-c1044f3b86f1";"4";"28fe3209-745f-4146-bd14-e1efe8477ab7"
"17fe9331-062d-47c1-83fd-d365ceee5c45";"ab49d6bb-fa78-44f9-af73-a0fd7b8c904a";"4";"9b70d6ca-2797-4fd6-bee7-767ba9222438"
"1811f7f1-9ff0-42b1-a068-6ce460bc90ad";"6b68463f-8281-417f-bc10-be973cc3637f";"4";"7dce5076-bfa4-4af8-bfb5-8b66a2b4c485"
"18d131b2-2fd6-4d08-b6d2-00acfea78667";"dd97e9bc-a42b-4895-b1e1-b75afb268c19";"4";"ee3299a9-42d6-4fb0-8d68-975a8ae00b00"
"18d191a0-80ef-4fc4-a7ee-3315f293937e";"84c26801-6c98-4b33-9d12-b7b84262b711";"4";"9edaaa17-7937-423b-9030-e664040f7f37"
"19554755-a22d-4654-8fe3-bdabe68eb182";"e7027b70-8c52-4b4e-b495-aed372574ddd";"4";"5aeefbb3-570d-4f76-af1a-b4bfa7e5e9f0"
"195c9a30-97bc-486e-a871-dda500f4d0c7";"74263995-4d5f-4f6c-a7f8-6e1689409de2";"4";"4776e742-62c2-48f2-abca-aeb3cf717390"
"1964eae4-9957-43b2-9524-5ef3e11dbd62";"a7ed81ad-3a05-44de-8550-0592c9cdbd8f";"4";"cb357b34-a3a9-46ef-a49e-35ad5abf3080"
"19d6d047-5903-49fb-9ae1-674839da3578";"06675304-079a-40de-a5ab-a354ad5c3d3e";"4";"c74b4138-4da4-4d3f-8874-86c32d5e0f63"
"1a1221e5-b312-4c83-8d9f-b6d90340d461";"2b74b96c-3027-48aa-8e4b-39a539034069";"4";"2bcf4986-a68c-4b4b-a9b6-0a7c9609652d"
"1a2141f6-72ef-4b64-b150-8695d02881c3";"4fe43379-dc6f-493e-b1bb-83c5d66ebcf2";"4";"1bf28251-b82f-4874-9511-2eeefb87fd1a"
"1a5bd6be-76bf-451b-8649-af5bf828eb8d";"a3c9995d-f1ea-4bec-92f8-a650612f4c4e";"4";"cc0f49c0-0f7e-4e0e-8c32-828239e096d8"
"1ac3e6ea-84a0-4238-8ce0-12c8ad9cb9c1";"f3c7f303-99bb-45df-88f2-cfbdd96b0fbf";"4";"f319f4d7-75d7-4fd0-a796-14719c30ba7d"
"1b0965cb-4f07-4567-8496-f5ef3f57ef19";"1d1f7646-c37a-49ed-b985-f519e8fde049";"4";"30918a57-6701-4de4-904b-f5f238e2f30e"
"1b2a7ed8-a8bc-4f48-9234-6f819525a371";"3d7ede04-fe2f-4aa6-a0ca-28ac2f4eab8f";"4";"514a8b20-db31-45fa-8988-1dd2f2c60142"
"1ba57aa3-87ab-47ef-83e6-ec730cdcb75d";"f473f328-848a-476e-8a14-f44ecf45e41a";"4";"758e5067-0233-4f94-86ef-c562fe1e8635"
"1d763f29-6b1d-483a-b51f-7cc5009908c9";"424f1441-76dd-4d8e-aa5d-f592657b7dec";"4";"9cf09505-f978-41ac-8459-39405e54418b"
"1d82dc6a-521c-4240-a06c-e69ef60eaf7a";"3a2feb02-7f65-44da-b839-2199b2d0f633";"4";"3fcb4206-9cf3-4bc7-bf17-79c077210311"
"1e58f2dc-1a0f-45ab-8200-a10af68726f7";"4f450fdc-4d22-4534-98c8-118c308cbe31";"4";"5fb1ff93-58de-48c6-b678-003c658044ec"
"1e7b418a-325b-4543-acd8-5be751e21d51";"fbac3e70-eb9c-4853-bfc7-94c2b88dd90f";"4";"499cbb7d-7a3e-4541-8657-4b33b96ecee9"
"1f15613e-5399-4a35-8041-cc4a337f0eec";"61d405ad-859f-4de9-84fe-196ddbbe6826";"4";"751fa407-d2e3-413d-b9ca-1e239eba45d0"
"2000c0c8-063a-40ae-9053-e843fb931228";"3f55f5d0-6d06-4a96-b4a7-cdb79b8ebd79";"4";"7b0ed177-d959-4ff7-bcf3-6084e1ea1b62"
"204c8b1d-62ed-4d28-bbec-ea4c847b6546";"b6d34bd8-0138-471e-b9c9-a6afa61ca68e";"4";"ca49f64b-fe80-4c97-8360-89f24d4114ff"
"20ff558f-21e8-4b35-b618-2f61658dd91c";"45bed0be-f464-4265-95a2-4d4e88bad18a";"4";"16fa0ff3-ec69-4b2f-94c8-a16888d59c85"
"2114db2b-056a-42bc-92f5-b83be3ee818a";"da2ca08a-9d82-40bd-824a-53056b4a5ca6";"4";"6a5a6875-5c95-4a96-9d9b-c34b08e2eabf"
"213ed09c-03b7-427c-be2c-fb14b1c9927a";"a0349e9a-8858-4cf9-8ab2-84631ebbcdd6";"4";"34bba926-773a-4c9d-9fd7-840fc674ce1b"
"21d950f9-ccc7-4235-aa67-c28c88c5d0e7";"dcb69753-da65-4462-8e27-c98bd97a1509";"4";"366883ae-ba93-427e-a9cf-4bf1d89f337d"
"22227747-42b8-4a68-9375-c501b7559732";"a10baf83-62e7-4050-9e2d-2b2c4d562ea8";"4";"d25ebb98-20b3-4b84-b424-207df4572751"
"2255a4db-bae4-4f06-8d99-8962e526dca4";"ba27bc16-b9cb-411d-a0f5-ddfb7ec96feb";"4";"836029b6-1e20-4089-8c5b-9e8ef8a921d1"
"233000e5-334e-45f0-9f2d-b9353094326a";"f1c6c994-d4c3-4aeb-973f-a83b9e27b230";"4";"7a25ccf5-264b-425d-aab5-7172c2e5cfe3"
"234c846d-08b5-4dd1-ae2b-7c0e665abe2f";"cf10a1fc-2c31-4456-9deb-1bf61c21f163";"4";"5604a2be-a3f7-4826-bd5e-f4d63ecb9707"
"23e0200c-de1d-4e42-b5ad-255b5bd350d5";"9c0d9ea9-97c5-4598-98a8-894a12db8793";"4";"cc723a10-540b-4f0b-8c9c-de32b29da7dc"
"242823bf-9cbb-424b-b898-92c0fa44b2e0";"a8f71a39-9ca3-41ca-85ec-0029b662bcca";"4";"db6f37b0-14b9-42e3-b9d8-8f1bdfb5e218"
"244f7ff7-f1e6-444e-a0e8-6602bc6f77ab";"a00ecb96-4442-4484-9d95-d9ed380f3e57";"4";"6c90affb-96ce-4190-8fd2-f99d0fff2428"
"246c1054-cce6-491e-8b6f-f8dbf9de2966";"4a014b15-13ca-48da-8019-5f5fda9d5dc7";"4";"6a1f7294-2f23-4b1a-8822-b8fb822e9628"
"24b3ee8f-60c0-4082-bcf5-c098ca9d967b";"36ed797d-c3e2-43bb-ad86-0d5dc3120837";"4";"26d11a12-21f4-4cdf-83ae-fccee5202af6"
"2540ab64-2726-45f0-83c6-f307f8707eb3";"035e6045-0bf8-4aae-a3c5-fa551d73d457";"4";"be8ff3d1-48de-4150-af9f-f7bf86d45b2d"
"2646e85e-4a32-478f-8d00-1a792ad0f822";"6368134b-c2b3-4f6a-b101-0922c7a1a0ff";"4";"4ff6b647-22d7-40a5-a632-3295ab702b25"
"268fc770-9d3a-4993-90c6-d7c25d36c0eb";"6309a302-93df-4287-8960-5dc5513ac7b9";"4";"510e5efb-a562-47d2-8e7d-ac1f7d749af4"
"26a4f873-7d06-41ba-9314-6852e6fe86bc";"ce9c7b98-09bf-4aac-a23f-afe08059c34f";"4";"d7233ba0-93d6-4234-9c30-1aedebc66eb8"
"26be0326-3c0b-4329-8199-2c3fc0c26d9c";"3a56cf28-ac49-452c-9c2d-f9c9dc893cbc";"4";"91d4f248-01b5-46a0-bb95-bba47a7e25b1"
"26c1dc50-3d1b-4728-a984-33be5ef7ece3";"61d6832e-4e67-4171-b077-1174a2848f55";"4";"c1798f58-40c3-4c13-92e5-357a852abad4"
"282fb6be-604b-4873-bbb0-d054d646a95f";"d6d3e6e9-2df6-42a6-9e19-61c0903ceb4b";"4";"92cc3519-e89e-4ce9-a573-4b15206584b1"
"288b7d3a-581a-430b-870a-23bad0462347";"ef367388-5459-4bc6-8ac9-a25a8ecedf54";"4";"6952094f-3d36-4d2a-8712-e188d055dc4a"
"292469c1-d8f2-4bbd-a755-457216abbf6e";"cf397b99-b7c0-4163-8060-bfab13aec1ed";"4";"c1aa3c78-cee9-459f-9f17-7bdc709f9e8f"
"29295048-309c-417e-9a92-2f9cec94f450";"24c561ac-70b8-40eb-96a2-c6521508212d";"4";"09bc4529-bdd3-4269-8a99-64e27f7728d5"
"292b8ba1-8bc7-4558-944a-bffc3a7733c3";"372a61eb-9a1a-48f1-aee0-e557cf1267e4";"4";"c9a9e8c9-2de7-4f3e-8a29-d7533fc69003"
"29801769-6a71-447c-b95e-e4333624c2aa";"e98e8e4c-854c-46b8-917a-63eeaaf25027";"4";"5e66d279-bf3c-47e5-9f9d-1b7bb772b0d9"
"298f0602-0dc8-410f-85b0-9f4b0c6ddc57";"bb37ee8a-2cc6-49bb-871a-98282bbc302e";"4";"36eece3c-d653-4167-a2f7-2ddd65c5d1e1"
"2a653b47-0aed-4701-8d8f-d8d2ed4a1513";"83606c7c-b586-40fa-a389-f7d6c95e6d91";"4";"e9f4e0ce-4f30-4fe7-a172-3bc72f8412e3"
"2af4f781-4c78-4df9-9dba-3398c1a4f5a9";"1f286c39-a2a9-4492-9c20-078e633353b7";"4";"6af1ff57-f2b3-4f8a-a0bb-f244a33e03b2"
"2b1ab357-2be8-4a4d-8202-c57808ccaced";"38390a99-e8c4-487b-b199-ff606d1983b0";"4";"c26a9341-3986-4cc1-bd61-59a3fa809bd6"
"2b4a5314-b355-42b8-ab25-53fa0d46f1be";"6036073f-4b32-4139-bb4f-0c5f6905133c";"4";"43c90d58-e42b-4bab-ad75-646a2059e67a"
"2b673be5-3567-4f69-be44-cb87d3dba07f";"007147e8-8a35-4d04-8795-a3763daac39a";"4";"f1f1cd7c-328a-43ee-ab38-10957d6980ce"
"2b7b6c36-602f-482b-92f7-ec96c579141b";"50b159e7-983b-4903-b4a5-8a73d844d1ce";"4";"716bf709-7a97-45ac-9507-a2c71052ab5f"
"2bc12839-df5e-4999-a105-6987123dce4c";"25612dd2-d83e-41e6-b47a-65cd8f057fff";"4";"37899d39-2fc2-437a-9913-b2d5450af3e7"
"2c84c8c1-4f54-4c78-a834-ef270a58da13";"dbec0e21-f38b-43f4-9a93-25d5d115867c";"4";"76ea99c5-af59-4023-ac8d-953f742251dd"
"2c89b056-53cf-4620-a84c-d2a49f24eb56";"2465134e-4f92-4f1e-8720-fe79a1c0425a";"4";"5e38fd75-8883-4ebf-944a-286b3051234c"
"2c9cc685-041f-45fd-9ab7-29d747995614";"288fdfb7-7e2d-4d72-ab18-4b0da0184af0";"4";"f93db770-5d13-470e-a5da-55e595a85827"
"2cd62454-4e02-4973-9ad5-205b40c3c494";"1098ca56-b045-4cea-a7ad-4aa32d1bd43d";"4";"5dd43d86-4ce0-43a6-af1c-0d002766a137"
"2ce1cba1-96df-4865-a149-14b038baba0b";"84ae61bb-0690-46ea-a23e-96048d1a60cb";"4";"ce05cdbf-ff67-4822-a775-17b1f31e9e45"
"2d116a84-7e07-405d-bc5e-d197c9b9c456";"12dfbc9a-7d8f-4efa-b911-87cfc339aa59";"4";"0f1321e4-b309-4d6f-a505-d0e5464fa55f"
"2d871aae-b9ba-4219-b8e6-9c3fdd6bc3ad";"e113159a-bbd1-4a3f-b2ba-67b874e55742";"4";"1844e2c7-2d8a-467b-a9d9-61c30f34bcb3"
"2da8cb21-02c1-4e4f-b0f9-a1562bfb4ddd";"9b30520c-d102-4d69-8949-93c80c19cc4a";"4";"83015320-f4bd-4879-a5e4-63039b61278f"
"2debae71-521a-441e-a4a6-96bde859b710";"b4b417bd-ac95-4fc4-aa39-e13769779358";"4";"942fce4c-b049-4224-aaf8-4f394dc0085a"
"2ea4a365-1525-4a39-80e2-3caafc7f5355";"65ebdf3f-aa66-44c5-9acf-def08f6534e8";"4";"452c599f-df0d-4a71-abd9-aaacd3a7c8b5"
"2ecc9eb1-a081-4378-b044-082619dcb023";"b9ed9a8c-6bef-499a-96f7-4d745448d769";"4";"b0a6bbbc-3f3d-4113-97e7-bcca5e5d6186"
"2ef854eb-0d6a-4591-ae29-6a565af93355";"288160a8-1119-4126-9ca3-c280276bd4c4";"4";"b60ce7ec-8dda-4c87-a00e-a86916bbb118"
"2f7a3dcc-6094-4f4d-8cf7-fd10999b2352";"b959d949-b3b3-4e5e-9bd6-4ada6ed94b5e";"4";"862f0028-3ff0-4807-afe8-6041a9fe5834"
"2fca1e13-9c54-4bf9-87da-5d6da74d62d6";"7c7e71f6-df6d-4902-bb15-f88dbad9d5e4";"4";"1354338c-4da4-4650-85ef-6722c05ccf9f"
"2fcaa0e4-b1c5-4a4b-8154-520de12aab71";"321ed11e-08a8-4115-8473-41e21f03ec50";"4";"b2ab2698-8fca-4ea6-89f8-4ed8c03fc6bf"
"30063915-6aa6-4944-9007-e6058ec0d326";"c7fea9d0-7318-425f-8b81-b4ce49184999";"4";"577f6dc9-9ef6-48b4-92c5-6e26a3b2dbbc"
"30198729-e46b-4520-84d8-c6a7b5b1a498";"f8479083-660b-401d-a2f1-a1b018f4a2dd";"4";"1007e0a8-4cdc-4336-abbe-31c96e9b8b9f"
"306e60a2-8747-41b6-b6f5-0642950732dd";"ac0ebc70-205d-4e62-acbe-c7df344fe1ce";"4";"078fe197-d348-4ae5-8083-60ed4f0bbf6b"
"30f05b52-7579-4f07-9cfc-60df7c7bb5a2";"e22b0fb8-e606-420b-bc62-794b22e41ed3";"4";"13e2173f-6328-40d4-9055-1d77ab2e353c"
"31af7e04-6093-47da-8fbd-bdbc6e27e24a";"e06fbf1a-3e00-4f28-b0f0-dc3c33617908";"4";"3f8b33ed-df85-4f35-af21-219b0f3c0f4f"
"321a675e-a4ef-4f90-b697-fd724a8334f0";"24e7763e-8192-43fd-a0c7-400c044cd6b9";"4";"d73fc9e7-431d-44b6-b87d-4ef9d73e3f43"
"3238a31d-5756-4e32-84b6-b1157cad547c";"773f7e10-a2bb-416d-b950-9c56e105e688";"4";"e13bbabf-ab35-426c-b190-24f7c6260897"
"3293edfe-f231-456f-a451-49292adabc6b";"d371bd2f-c1ea-44a6-9fcb-b00c1a91f945";"4";"1d36e060-2223-4837-8303-7262dd4ec247"
"3308461e-d97a-4b44-8128-0f86aec11d5d";"1267a338-0d1e-49c1-9b53-b09e39ea0a26";"4";"aac67610-ddb7-46c8-801d-5e59519b4ac8"
"3317b51c-4ef3-46c4-aa84-43ca647a1198";"5d5a2a4f-84d7-4ecc-b85c-41ce5c8e8b6e";"4";"e2c27a0f-8e39-41e0-a809-b9ec5b98c8b8"
"334fcedb-cb21-4f23-a852-863071e48077";"38292896-eabe-4eb7-8f36-1a292b27e9ea";"4";"5810c911-f463-4460-b7d7-f2c741ba028b"
"33d47af9-a5a4-4e1c-8368-106ab4802e95";"ca319b3a-0ebd-417b-922e-307258feb446";"4";"75ff88f5-2541-4cf2-a626-f8198d62d153"
"344f550a-3cc0-4121-9110-e3857cb79616";"2dc2d910-ce46-4ceb-86f5-f0723a1a6712";"4";"e23c1aaa-e0ed-4d4e-bfc1-19e82cc804ea"
"34f78d11-0ee3-4b33-9be3-a379df2928ef";"458f65ba-a065-4165-a366-157ec869d790";"4";"beb1600d-44b1-44c7-98dd-92a62185166c"
"35013649-d745-47d5-b93b-23c7b7185eb4";"db505964-b0ba-48c1-9961-b6cf6645fb47";"4";"ab1172eb-632f-4227-a12e-398623e47380"
"350c3750-3c9c-4669-a59f-208298266a76";"7824f011-5402-434f-8ca9-a1a2a909a031";"4";"8aaa93d7-82b7-4ee8-bd14-b7c10bcc1c16"
"350d33ff-8f1a-44ac-bb74-9a437910d1c5";"84014955-e224-41e7-b08e-ef876f83ae45";"4";"3161376c-5626-42b0-a84b-e1e0e7c1b2a2"
"35139b97-aa20-432a-8c06-665a53b40a21";"cb5e638d-7157-4ff5-a24b-b483f34085af";"4";"80bfccee-b2a5-49ba-8c8c-3ce3f4234024"
"35691049-2bac-4730-b8ad-dce0a098ce19";"8c46636a-e304-4f72-8350-422cfd90b986";"4";"a8cee752-be91-4900-bfa9-3272c2272a72"
"35903e70-f676-4c09-8667-c0eddad01dc3";"e2967c63-40b7-4a89-ba83-8ec444308fbe";"4";"2b05d018-7010-49b8-add2-0374d14d6d83"
"3594f2a9-b072-4d67-9f8f-e100d756f36d";"ca864f77-9059-40ae-9c86-bccec711f44b";"4";"51e19c51-75d7-426c-a536-5c28e7ccbd60"
"367af31a-5bc0-4421-b7b7-b72c890bdd0c";"15c3710b-431b-443a-9f11-b07d5bb27cad";"4";"978c4d43-2290-40e1-b284-51025309ab65"
"36eeb914-abb6-4ec3-867c-374ae6354b4b";"dccaa926-1b6f-4166-b0ac-979d01491dda";"4";"a9347c0c-b4ab-40fc-872c-f24994c70eb0"
"373ccc1c-9b2a-4c14-a9e7-5d71e6958e59";"d08c3a7c-c30e-42e2-a071-476ced0e3d24";"4";"887642cc-fc21-4c59-b173-b0b0bc3596be"
"378f0c30-3833-4747-985a-b118160f04ea";"89920f37-4c11-4058-9582-2b6ef1f834bd";"4";"b18cb1b3-1e3b-4677-a641-ebd572bbd975"
"37ce931a-ee08-4ecd-aede-89ebc5988c27";"c2c9b514-cc92-432d-a01e-04391ed08f9a";"4";"9290ee68-2391-4e3b-b3f0-3ecfceb8a556"
"37fb0906-084b-43d8-a72f-d6f8e25e5f66";"fcf1d29a-baa9-4bf9-9669-9fce6565e290";"4";"3c6362d6-3fb0-422c-9e6a-e1f3792c24ee"
"38bb5305-b5f1-40ea-a3c8-287c5c31c29d";"69885080-c273-4e46-a4b6-8b00ee7cf7b3";"4";"6192b84f-3e59-4152-8748-83f447732571"
"38f7b8f5-441d-4f15-a0f2-b5f9883909fa";"dba87365-a84e-4ad7-bc87-d9057d245a08";"4";"a7004491-4329-4f71-b7a7-2ac3bb310bf1"
"38fb508d-c948-4232-91de-ac98fd22b38e";"6eff06fe-cdd1-4887-a576-f689cadeb4ad";"4";"4e92ed68-bd4e-4ad8-8dd1-ab5a9afa7ae4"
"3907ebb4-c1a6-45da-bd50-12f24163eaa9";"4cb49517-908a-448f-b660-7eaeef04384e";"4";"f69925d4-e08b-48d6-bfb2-1dfb80ec7c5f"
"3924ae36-86b2-42a7-b77f-c6fc3ee3d4af";"c3929c2b-0e5b-4ae7-bd94-998a6955b560";"4";"6f624398-27de-4a8f-9699-2c435a25c93e"
"39d679cf-97ac-412f-a37c-734a0fda2df8";"ce8dbe0f-eef6-419c-8255-2759f7321e2d";"4";"eebc4bc7-e68f-40d3-9147-6a132470e54b"
"39eb9e18-c409-46de-8f3e-3c64afaad0ce";"dc427d16-f544-4a3c-a490-6d2398385f3b";"4";"5feffd7a-7a50-434d-997d-e946840079d8"
"3a2f2e14-1641-47f8-87d8-ca534336e14c";"c8d8636d-29d5-4f42-9e4b-f5f1730945d0";"4";"2bb83c3c-6b6d-468a-9105-a24111f59c8e"
"3a330c3d-4679-4128-b0d4-d6b04e22fdca";"1ff6dfa5-c574-4e00-9691-a26d789c0c04";"4";"ddea6f94-50fc-4f61-b222-8c60025d5972"
"3a65884b-9804-4bc3-add7-6fc8b565209f";"fc9964b8-d896-4f96-801a-60e1d997c2be";"4";"8660d707-604c-404b-88cc-1a9f61644eae"
"3a9cecd2-f132-41ff-9653-b72d7fc6fb12";"f797b9ec-54b1-401a-a137-ca22a23f4bdb";"4";"5831c7d6-ae9b-4333-8535-fbd405ea9647"
"3aa90f98-159e-456b-ae3f-b461f82824ec";"d1856ebd-93c8-4359-8186-344a34bee4b8";"4";"16d59248-8f6b-4284-89ec-933816965511"
"3ad15a60-33a6-4b8e-aee3-c86a8f43a57a";"771cedc3-f52f-44ce-b115-119552fe37d9";"4";"7bab130f-4085-4e72-beac-87d19c38272c"
"3add09b2-5925-45e8-beeb-a7fa65b6640e";"a5bef98d-500c-4236-85aa-70355b1c8efa";"4";"a039df47-3384-4413-8c03-b05abbf53c36"
"3aedcd98-a1c5-4b54-9636-96011698e276";"cbe6d614-4e7a-435b-bab7-44ed780054ab";"4";"e0d037bb-e005-4b5b-96c4-8d291f1b1ad8"
"3b0c44a0-4539-415f-bdbf-ec124f0f81f0";"32cb3859-ef18-4053-ad42-ff8758250062";"4";"0a0ba1c1-d31d-4ee7-ab8a-7a8d1890d7bf"
"3b425390-a0cc-4f2c-a9b0-4242d2b67663";"234f592d-30bf-46c3-ad31-91170c4d2819";"4";"bef01b56-5b74-48cf-b2fb-d8d661b8cf2d"
"3b5ddbda-daa8-4bde-91ff-f6c45f77c857";"a7cf7fcf-9f5e-485c-8768-982b7cb8c476";"4";"2ff9885c-dc2d-4e54-ad4f-e16504117a50"
"3b7540c5-690b-4cb8-a99e-2d66b13b37b0";"be2360ee-7277-4b70-a57e-135579adee72";"4";"8e9e1056-09eb-4fb1-9588-7c225f7a0166"
"3b9f05c8-763a-4561-8a1f-1959611b3a79";"988b6291-c7f5-4f21-90ae-47cb06c8ff9f";"4";"0365dccb-b859-4652-ac44-f79ee843b484"
"3ba665bb-4a9d-4836-834d-f4605a3f9ee5";"5318bb0a-d67a-4b2f-b78e-034cf69cdd89";"4";"7b90fab8-2bea-4986-aa51-5067aabc9236"
"3c0bdca6-b04d-4ae0-bbc3-5b732a04df95";"25e1c5c3-9b92-4dd4-8c56-415b4fd2c1a5";"4";"521cd831-9505-4ecc-b15f-cef6e43300f6"
"3ceaf7bb-b62f-48b5-bfb1-a35324a7aa02";"545d7d68-c2e9-4234-a5de-61ccfb0ca6ce";"4";"f12ea822-5344-41bb-8cf8-fff434929127"
"3d270837-596f-4f11-9658-e139e1d8b9a0";"a83ea58b-482d-4cef-8544-652f2f3900b9";"4";"b29aabe1-383a-46c9-b062-1c1bf02d5a67"
"3df9f999-4bfb-4b12-b647-bd6b39175882";"e7a80a3e-cea6-4370-a786-9371b4e711ae";"4";"09c2fb19-689e-4bc0-a847-b0ea31c568ff"
"3e3607d4-d02c-452f-8496-bb3ef7299cf7";"81ac1eb5-c4e6-4373-8189-cbe18c3b1abf";"4";"1ceb8ad6-31f9-4354-bbde-9a5bf2cbb9f4"
"3e5b3b95-5f7b-4037-aa13-7faa2444279f";"47121752-0c4c-49ce-88c5-bef822cf2858";"4";"7eb2a6ac-7bfc-447e-ac3b-9ca51beceb84"
"3f080657-d88f-466b-8ca1-6215332e2e03";"4b5306ed-85e6-4de3-ba79-be8db0505fa0";"4";"19662681-a956-4663-b8f6-500e797f0e9c"
"406827fb-a56b-4190-8bc2-798ce18365a1";"91e41917-1134-49c9-846b-644f595e3c7b";"4";"4dd7eb4b-6ccf-4317-ba04-26ce6f49cb35"
"4093040c-264c-4c91-bac9-c61d48998faa";"8b5e118d-725e-4ede-94a9-f9ea60548c4b";"4";"b70afa83-d5a2-4053-b465-a51049245f30"
"40aad703-5378-4933-862d-73a3a25b8469";"f628868e-82fb-45c4-a4cc-47721c1b92a7";"4";"46a98666-c065-484a-ab62-ee72abb6e515"
"418ad007-5741-4ae3-a575-2829aa289987";"830402a2-24c9-4a2c-bdce-936073ce1fe9";"4";"787506ea-d614-4912-a196-a6f2f5282ab9"
"42109b90-fac7-4657-ae3b-840f0854166f";"89951814-296f-4bd3-a300-bd617a0e8461";"4";"cc8eb356-a75a-4276-81d3-6e1651eae4c3"
"421da1ab-7bc7-440a-8bdc-072444488b1f";"f4d194c7-4e88-4dc9-98e1-64c807b26389";"4";"d964fa1e-e2bf-4103-9726-82e9e0a5941a"
"424129d7-6a89-448f-9b91-552a1896c3bc";"e1646b91-025f-4650-a316-28dfd6637e5f";"4";"c1a4ef12-0587-480a-ab50-a4ebded3eebe"
"4260c168-a737-4b9e-9d00-02208e0afbf5";"083b4955-0909-415b-9362-cbc6cbdc809c";"4";"d1dbecf0-42b1-4197-85f3-5d4ec9ad7554"
"43223a3e-87b8-49fe-a3b4-3275d918139d";"c225e95e-aa7d-4d74-83b1-99dede5eef8e";"4";"ea4b574d-19c0-4901-a092-45a19ea3cba6"
"4332872e-a60b-4939-b64c-5bec9ce3fbdd";"5ff448a2-39ce-4eec-b133-5ff02dd034d3";"4";"eea4cffc-3637-4d81-94a8-9ff3ed297e04"
"435531ed-0400-4957-9c1f-fe3685b76ed3";"9f402b03-89eb-48d6-90b5-56e87387187a";"4";"4aed48e3-d372-4fe9-8232-605350e99479"
"440f3d71-b5ba-4210-9eaf-d8996c23726d";"0a3bd334-8248-45a9-8a57-9dab8e453ee7";"4";"6555b11d-d510-4e71-9a9d-8a5d7ad39547"
"443fd353-d570-4bc6-aa56-fcea14674695";"dad57d4b-a497-4d95-99a5-2733ac652dca";"4";"50be6c3e-f82e-461d-a921-c085d0492e9d"
"44419991-85ec-460a-a546-98efa057d3c6";"1f26aca4-8f5b-4acb-aff6-01876a6e08c3";"4";"283b45f5-e38f-4889-80c5-45981589ef8a"
"4495734e-961c-40fb-a4ed-f8deb8bdae1c";"8bbc8bab-cf7b-493d-8303-ba941688d36c";"4";"0f4d2a63-3a18-4ebd-a326-454e1bd2bd7c"
"45232d31-d6dd-4b32-b3c5-95210896b305";"a61df0cd-627e-4ea8-a412-7935d67c4242";"4";"8432ed47-982a-4e41-b21c-9dcc1e117e26"
"455b8531-41f3-40f1-bad3-01e6e58b137d";"f59fbe32-ae9c-486f-8962-b81110449076";"4";"9f114a2c-376d-40c0-9838-aa743cf74ac0"
"4602c47f-fd44-4000-b8bf-1bdea705106d";"fada32c6-036e-4959-9bea-c3a84ab46e6f";"4";"1f80471b-e1d1-4ab1-a8d1-8fd39f62051e"
"46055ab1-0fdc-4b87-9568-030bd4d72807";"3e7c0e50-c294-48b9-9403-f96509c8eeab";"4";"f0224a86-7ef4-454f-9865-dd0da27f31e1"
"4607746b-d80a-4d97-9f11-54e4ac890544";"de2ac9c9-3524-44f7-a005-58e43790fa8c";"4";"b4817ee4-df78-491f-9429-61f419532419"
"46589dc3-16c2-4b57-a1fc-0595e9d5d7b9";"3fd92240-09b3-4c0d-908a-6783f1bdced2";"4";"e988212c-1124-464f-a7ff-95e5401aeee7"
"467156b4-2b64-44f0-9ab2-f55bee61003c";"0998f58c-c8b5-4edc-8dae-baadb5607aac";"4";"fa507615-d587-4189-ba5d-c3d7a8698c0a"
"4687be8b-aadc-4544-858e-2016c875d28f";"3fca520a-68c7-45f8-8e87-38e877b6d693";"4";"6aa8ca5a-977b-4d32-a1a1-10f236fc0efb"
"46ee2c6a-17d0-49dd-acea-c37c5e64fdb2";"b8cd81f3-94c6-4e63-b6f3-cfee8b929e70";"4";"c909651f-5b72-4ccb-943d-64a0ea80da16"
"48229645-2c45-4a42-b0e7-fd14f5f59414";"f688fddb-3241-4d5e-ac8f-417f04f84e33";"4";"81ac2ae8-7ac0-474a-9ab5-b5443f2c44eb"
"486059c2-2498-47e7-bee1-cde613fb0c2a";"b7b1b1d4-b990-42cc-a505-67258a7a3c61";"4";"915a84d6-2861-4619-b3a5-2ef049b37ac5"
"48867c73-7e36-411c-9aef-cdf2b89389ba";"adb0672c-79e1-4488-9da1-ae1ef60623bc";"4";"f615a027-44aa-4546-be05-e9bd9b1c36ba"
"489349df-1c35-435f-bd18-25487657ebbb";"9da5a258-5b9b-4aa6-b2d4-b1161465e00e";"4";"31c0738e-2d26-4c78-bb09-6b93b593be6c"
"48d5fc77-dd34-4690-8aed-9cd28df25f0e";"52ebe007-b6b3-471c-ba59-07a8a19181cd";"4";"0460cd18-be41-4f11-9015-978c167944cf"
"492070b5-6763-4639-8b54-b5f9707c8a8f";"93e2dfe3-18ec-4c34-8d54-aeeecc6ab050";"4";"152e785d-e793-45f5-ba81-c441fc188561"
"49b15677-aefe-4584-9f67-4e1d9d3978c5";"0b662240-6228-4c4a-b6d4-b3b388a9b895";"4";"9cd88324-388f-4c29-aaad-a5e9fcbb921f"
"4a3a4f3b-e8b4-457f-96ce-b4ce39cd3ff1";"2565ecbb-7c3a-4af7-b4ce-4f59b898b211";"4";"9b480182-1c31-460a-9528-cfa7091c0b97"
"4aab094b-f31f-415a-9f09-d93f885a27e6";"28780d9d-33a5-4a3b-b740-48e24d22a52b";"4";"3cf5a71c-8f7c-4e86-9e89-cbdc81ac13e7"
"4b06a0bb-3657-4c04-89ec-8909a1f343d9";"badb2b15-b2b7-4ba6-9df5-ec6373bf82ba";"4";"c86b5b51-f56d-478c-a900-84449fbcf207"
"4b8142ec-ba00-4b6e-b577-275cf89893e0";"11d8fb23-162e-48c9-a13e-c5f0556c1b98";"4";"7bfc274b-c654-491a-aac5-cd1b7159a8b8"
"4be8e68c-9dd9-4570-90fb-3613f8a63870";"9e5a974d-a21c-4b62-8e19-bc2d7e671481";"4";"b9f0b5e4-0feb-4dd2-a5f7-dabb861a95ea"
"4c2376dc-7981-4af9-8c88-5543ba9b5a56";"65ef3bbc-687c-4287-ab4d-341bbda86de8";"4";"07d61b1f-ec7d-4165-a384-f79b0838a5d1"
"4d07bff4-ce17-4ea9-86c6-4a75906d5b90";"7e57600f-9b53-4752-822b-b1a4ad9dde6e";"4";"61fbac2e-8e61-4f0f-a2da-77f9f57a9c0f"
"4d6db85e-774e-4cbe-9a76-1b7722cc1735";"121ad61a-aa27-4648-8fab-7cb5679a99b5";"4";"90969da6-0a77-457b-9d00-1b82e9c792c1"
"4d6faa90-24dd-4fbf-948f-2820307fb6c4";"a3cdbd24-cef9-47b9-b859-526f2d09d665";"4";"ca6b816b-0746-46de-9904-b898bc5db12c"
"4dc8f828-1b1e-4297-b300-609a53e7f182";"b1400a38-1f2c-4095-8be3-e7f9dd18f503";"4";"dc142d76-0536-4e1f-80db-95becb3adbd5"
"4ea7be46-9f7a-4176-8c15-ab7ec5e35693";"817df701-11c3-4292-93ba-bcc2b4bfb3fc";"4";"cf8c3856-bc31-45b8-9157-fa5ac31bae9e"
"4eb05d60-9146-4ad2-b9ac-790e95725e57";"b4a0d110-5ee5-4a8a-ac48-ccdf7bf85e51";"4";"b2f1a247-9320-46d9-ad4d-297848d8db48"
"4f1bd745-b008-4570-ab2c-29b354c5c0f4";"85745eb7-5525-453e-b20d-dd99464cd3d7";"4";"3a4fe295-3c18-45af-a887-569ffbd08b23"
"4f7d2e48-a9a5-4c6a-87fb-c2e5aae06aaf";"45424fe8-31f1-4e97-b9eb-4ce3ba5a6e5d";"4";"b93668ff-fdaa-48f4-a8f5-bc20c20f5518"
"4fd6f1b8-2021-4a56-b651-20354868c041";"01391d65-5912-4178-a7e3-93ef517d2727";"4";"fadd2e77-2e75-4eae-97c2-a4fb3838d9bd"
"503421bf-db65-4113-9169-3b013d92cce7";"8cf8b9ee-3f15-4e11-9b52-98f2a475cba7";"4";"1dc4c6b7-eafd-4cc9-aa3b-d3d347b4fbbb"
"509ca0ee-b7dc-4c1e-9005-00975bc4007a";"bfc3fafc-1817-4d20-9abf-e9f1d23cf9c6";"4";"ab21993b-8b9e-4eb8-9953-de7be76273c8"
"50d00021-bcbe-4dbc-baec-20f98c6d07e3";"e7b9d24c-0e39-4e97-b60a-05a63dd910d8";"4";"603731c2-c2b5-41e3-a091-8ff57f7c16b6"
"5114cad0-7bcc-4e3c-8d81-f0bffcee185e";"1079e9e2-33d2-438c-8d4a-38ee906851d4";"4";"fb13b637-6be9-4d4f-8469-d677a2d40ea0"
"5120b754-c9a6-4bcd-8094-f323d13034ff";"b9d3e1f5-d443-4017-8103-695e175eed6b";"4";"6acd5307-a9b7-4fdd-be6f-6298a65a5724"
"5143f440-96db-46e3-8047-c16f2b5ed623";"dcd73315-513e-4e62-8a52-fa13faee70be";"4";"67434136-8950-44d2-a08d-d456baeaf541"
"51446057-dbe3-4eca-837e-fb47ff3e3bf9";"837adfd7-9361-4124-abbe-658ee1f2d390";"4";"5e27e0a8-8b14-4d4a-8324-ea19799afac9"
"519b6495-e51d-44d4-9256-5cf24803afbe";"1841337c-d84e-4a0d-ba8e-c9cf16e103eb";"4";"be768015-106e-4a0e-9a2b-eca08e59fc3c"
"51b81283-ec9f-4f95-b299-2f296ce57aba";"93a7048d-c360-470e-88ff-27e352541024";"4";"8ecc644b-b92d-44e1-a4a9-b987319def0a"
"524004d0-4f46-47b6-9007-8097c44d48f5";"052da860-0a17-4177-a9e1-97b2e192fafc";"4";"7f34edb1-4045-4652-9df7-481bb52b5635"
"525a0ff7-b6d4-42f8-96d1-a1df8f825624";"e65b6dd0-a5d1-40ca-895e-25215d0cf024";"4";"ae4747ef-e30a-464d-b035-0b47e39b3f33"
"52bafe00-6223-4f63-adc5-d67fc150f652";"e4054ad7-03ba-4b75-9450-5a457d56fb31";"4";"4901aadb-78d3-4050-8bfb-e1379ecf254b"
"534f9859-09e6-493e-9115-fbb60df5db32";"98625b50-e5e3-4f3b-b833-f5f4ba40f277";"4";"00464b45-3643-4085-afe5-8f69837cb200"
"5372a157-709d-4570-a15e-250d56b430e9";"62b4b958-aa18-402b-9578-efca43271180";"4";"b1aa28f9-3fb1-4ac7-b19a-3d06a26cc6c8"
"539da921-5952-48cd-b474-1f2e70fc72b9";"b98304b1-628f-4969-b93f-f69fa355c87f";"4";"af3e0e4e-6ebb-4153-b4ab-53daee0aed55"
"547421c4-0b4b-487b-b58a-d803f1ea9107";"87246c01-26ed-4bee-a0d9-e9146098967c";"4";"fd743ca1-d46e-4b1d-8d45-6fe596198584"
"54c30704-cbbf-4402-8838-5a522e1b1cf2";"7b831234-b20b-4f35-85b9-4535201a8722";"4";"204455d6-5558-449d-94d3-fa69db62ad8a"
"5508934e-dec6-4e62-8c85-5b1d509f74d6";"37587beb-c35b-4165-b5cb-a3351fd6023d";"4";"69eb01b1-80a8-4152-abcd-2aa47e7f668d"
"55c5f421-9cf4-4ea9-a6f1-71567c0f0d48";"1e4bbcf2-2b68-4e6c-b6f3-a7417f8260ec";"4";"86a3297a-0bdc-4bc7-9fdb-a5169591d835"
"55d445a2-758e-4c3d-be82-15f162c99d25";"cf7fb6af-ac25-4803-9daa-11ce0e3f46ef";"4";"db480f8b-3f92-47f7-94e1-8585b7bea1f5"
"569fc865-f4fd-4720-8454-f2d31887acc8";"42ee691b-ca6c-4b6d-97cf-e8c71ede3819";"4";"2252b463-90b1-44c9-87b6-f8e015224fed"
"56b497a2-d238-4b19-aa51-b10e174e2e25";"ed633f82-5e41-4894-9df4-8656b07b809f";"4";"e7ca5cc8-fe7e-4c10-8836-d83f37fe3963"
"573aba74-e7ea-4be6-9b46-ba75ee2dcb6d";"4990f530-0899-4264-a76b-192c9ee50e71";"4";"4048d918-d567-454b-a201-b4f2fdb2674a"
"5795506f-480a-4759-94d7-1e7ab5ab7629";"02c7b191-ddd0-4303-99a2-4f83e40e644c";"4";"04528780-3881-424c-9ab7-2fa2edc05f4f"
"57e69318-4d8d-4e7d-8a9a-df15dc848c1e";"3466e030-9575-4050-8bb1-bf4b64b58086";"4";"9b4f6863-e760-46e4-9543-5bdbf207a2ba"
"58d9adf9-9751-4a96-91bb-d834c402f580";"8b9bd6a1-4aa7-4249-be9a-9da4157333a8";"4";"6b716b2a-eae4-4dc8-86e9-ca2d0bec16c4"
"5946a754-ac1d-49ae-86eb-18d65cde48f5";"9604348f-2b34-4f10-aaa4-5eb6ae4b1de8";"4";"3f19b876-75e8-4d05-9937-0d73f485402c"
"59c3687f-c2bf-479d-9019-4e1b928f67a8";"ddceee26-cb71-40a4-b490-548588be497d";"4";"b89df27e-7aef-4c97-867e-a2831494658a"
"5a39a9b7-5d0b-4ecc-89ac-a69085a0c3da";"a00464f9-020b-4b47-ae18-adeab81c0302";"4";"671da5f8-aa7f-414b-90fc-7aff76c484e2"
"5a4df2ab-a77f-44bc-a1de-19b11ddc8d83";"72e0a776-69db-4bac-a1cf-93ec42bab212";"4";"12ceeeff-d0d6-4e16-b8e0-023bfcdc54fc"
"5ac46592-e9d8-4cbe-83e9-3a80b804b298";"2f69c78b-519f-44a2-9752-aa6098a9d19d";"4";"1ceb4546-f91e-4c31-8d0a-c00bc607e916"
"5b141696-cd43-4f73-b98c-14ff7956a1b9";"ec3a0e15-fbe1-4fea-9b56-b14fb5102f7d";"4";"62772cb3-3016-466b-887f-b1f6fb0832ae"
"5b1635ad-af11-4ace-8fd9-3ad0fbc93ee9";"22b49077-6d5f-499e-865c-2fe5aa3ca1a6";"4";"516e39b9-65f2-4721-92d9-bdad755d5b4d"
"5b2c2611-cbd4-401d-a2cd-41b7a14a3da3";"12741044-cd01-4af4-839c-5a49cad96637";"4";"8520d08b-f8fc-4e33-82f7-22212e617f9e"
"5b454027-6431-4867-9b48-ccf00e3fa343";"a3cc8488-dace-4fde-b694-3926633b4892";"4";"a446ed59-cd2d-4389-bf8b-db14016223f6"
"5b569b3b-caea-4bbb-bec3-d583ae1dc944";"7a06b6b9-b3bc-4f21-b370-a51b144cfb6f";"4";"41311a9a-25f2-42dd-a9fb-ff1b25130598"
"5b7a17d6-4594-4b8c-a22f-7971c91f8b34";"4b56f3b6-c61b-4eb1-9c37-da996197d06f";"4";"c8ed3a77-e116-4b3c-9e85-4cc89036869d"
"5bce151e-3d06-4df8-8b55-ce28ed9e03b7";"5a1f56ce-5877-4efa-b4c1-6513074bdd9e";"4";"8dd5538e-9053-4c28-a2d9-8cc451eec859"
"5c93c17a-53b5-4bdc-b2b9-9c545e1de18e";"164d017a-9531-484e-aefe-9ad58e2e20f4";"4";"b1099589-5ab9-4956-83c3-953cc3381c10"
"5cbec0ac-5412-4541-8c0c-b6e793a8d2af";"80d0db33-809e-4736-ade3-0bc4fe28c10e";"4";"49da31ac-b03c-4715-90ce-98287de3d400"
"5cc1d76e-bdc9-4359-878b-807afcd6ec17";"8299fcf8-0c43-4db3-b4ae-538c166d6af8";"4";"6d8c1a86-d7a1-48e7-b7c8-2ce92907af88"
"5d2af2cf-d74e-471d-98a3-e12e087c6906";"ed7e32a7-f10e-4b82-ae57-c071fefe036e";"4";"424377dc-c3a9-4e0e-a160-0a27fceb295c"
"5d56bad7-055b-4f2e-96a7-f62e31d67635";"49924fc8-70c4-40ed-a361-893d674c137f";"4";"54d7cf7b-53e8-44a3-b0e6-c124601a752f"
"5d8434e4-ec6e-4fad-b0cb-7dedd4fcc239";"01f7f492-211c-4fa6-8e12-07c7ae7edda7";"4";"ad31325b-dced-42b3-824d-e60574f847af"
"5f2bac7e-d7e2-4ec2-9b80-ac6ae7e086a3";"22f27d6b-f554-4a0b-905a-250f723e8797";"4";"177a3d9e-c7f8-426d-8eaf-4ac24686e4e4"
"5f548714-6bd9-4d65-af36-6fc651a20997";"768cf819-6f9b-4194-a703-7ea6b04643a8";"4";"b6c7e880-d6ed-4ed9-9359-c3187a834b86"
"5ff324b7-785f-4c62-9e58-5294bc615a44";"caf23100-a3d2-436b-9747-54ac5f3c415c";"4";"9f5a237a-c07c-4ac3-8fb3-5763614e586c"
"60363b30-a7c3-45a6-8ac7-b21c0d992197";"b0d52927-2a53-404c-b5d7-0f06a8ede85e";"4";"3c818f7c-672c-4083-904c-6f3e81a278cf"
"607e3d71-8be5-4d24-9c85-99997dde02a9";"bb484a4d-8c15-4212-ab54-5b5e115863c2";"4";"dc3482f9-f4d4-45de-b02a-2c4713b1d3dc"
"610e0d0e-f645-4d9d-8b43-294c90c65c3a";"4f64ad04-694f-4f47-80ff-aae1ed3f9539";"4";"a7af587d-df43-4026-ae33-097df84013b3"
"61433356-dbb6-4cd9-88e9-ab090fc767a2";"5877fc80-2c6e-4838-9d5e-f42945c7035d";"4";"5a88f227-0658-4838-9f7c-0261a0aeb92b"
"61d7bb0c-e4c1-48e1-b0d4-1a9bdc507eb2";"b25f2c2b-7bdc-4847-874f-21813b6b5e30";"4";"32ddf554-d44d-4c16-9abe-1e34b98f5fad"
"62061d59-9084-4170-ab85-962d765f6d38";"bd9c80e3-2d92-4108-9d6e-cca2f2f6c728";"4";"01ccbee1-b2c5-46bb-a9b4-4aaa63aa8aec"
"624e3717-27a2-40d1-8e3a-77bcdb29e597";"54932453-8b74-48ce-9ab8-5d8ad11e9156";"4";"48356503-59b3-4824-a89c-5e06f74e7bee"
"6252a226-b45e-4dd4-95fd-4fc1a9e1eae1";"a933c932-60c7-4563-af8d-66dfa4e7568c";"4";"c6475b3e-aafb-4c10-aac8-cc804cb6ca44"
"632df987-e4df-4809-a13c-df6cf83565ca";"30502c82-2fa3-407b-bfa1-f5be4db97489";"4";"f67a74e8-a20d-49c8-8389-228dd9322cc0"
"6355fed9-1a45-408c-9641-c58e5e93222c";"e5ece9ec-cf6d-4256-ad09-72b279eab42f";"4";"2aec35be-f21c-47a6-95bb-65d8635967e2"
"636381ca-15f1-4a89-92d4-54ffabdd0476";"99690175-f253-4dbe-a33b-e05d5b08621e";"4";"66935d56-dc99-447e-a71c-2c5a0599b06e"
"639e09f4-2025-46b8-9707-fda239bbb5dc";"ad7d2f57-a434-45ae-885f-f73ff6592285";"4";"29a369b0-5ecd-472b-b51c-3aab953a2781"
"63c1936c-2bd0-40fc-8a4f-34aeea28484d";"7f1180c4-5618-4274-a1b9-5a918897945f";"4";"1ec8176f-7bf7-40e4-9f08-13015cde79ff"
"63c571ba-c4da-4bba-ac0b-9c75934e13e2";"865815fa-4037-46e4-8fd0-e232d99d2b68";"4";"b8246fb0-c2b0-4cfe-becb-96a5a829334b"
"6433fea0-2f77-4bb4-9121-6a3c40af46e5";"2c82558c-2263-4657-9874-b0fc7995a389";"4";"8674de11-74d8-4a34-ba9c-e3b7a40396ac"
"643e53e1-ebef-4897-8f81-215aefd9fd3c";"206d4277-07d3-4fb8-9802-9a64633b9128";"4";"e2f10a14-89f6-4537-990c-e35bf6a4c7a9"
"64409ecb-0bb9-4154-974a-a7678c688e08";"ca8944a4-8483-407d-a105-17772fcbb505";"4";"699761fd-589e-4ea7-a365-4a924fee5374"
"64c9f7ef-405e-4066-9dd8-e63a8a75a328";"370ea893-ed65-4c24-a7e2-1afac54682b9";"4";"26ef3f06-8a5f-467a-a10e-a55a3e1d94d5"
"64d73ee6-8808-47a5-8296-387cb765f723";"200d0c36-2bf6-4735-914a-3e70cf14a2ef";"4";"5e12a425-e5b1-4fa6-a5d4-427f55166d63"
"64da4efa-2536-43b2-9286-3edc720f8fab";"35ecb4ed-e113-441e-bb2b-b5f65b09dc46";"4";"a45ca858-81eb-4b03-9db5-b8fef8168b8c"
"65092ac4-d274-4b99-a1c0-3d5022f1a2b0";"61e485c1-2fef-4eee-8cba-3546ceeefed4";"4";"0d96eb37-5164-496b-9604-74e1a9a3d0dc"
"65353fc7-a574-4028-b8ab-fa1c9174606c";"87c8cf88-3dfd-43a2-903f-e0c4290fce83";"4";"5dd0b19a-5627-4f63-9e84-8226bb5556d9"
"65827b7f-2d02-4792-91b5-94a93fbd3087";"0d7124a4-29d4-44e8-a11a-9ae0c5694477";"4";"e62932bb-0414-44b3-904d-7198f8b0b2fb"
"65c92523-bf57-4bc5-8695-9d317ff03763";"c06cfdca-690f-4f3d-9d5a-d591612bc430";"4";"b3c6fb38-bd8f-45d7-aeef-11d31d82ef97"
"662b9ede-e81f-4f61-8950-d8148994cc2c";"642559af-487c-4c20-98db-d6d54866d8eb";"4";"64e9cbde-1658-41a9-8be8-147ade594d23"
"66d96b34-1b04-4100-8975-ca5a29ad04ec";"8bf2845c-f1ee-4516-a319-ab5b6819eecb";"4";"eb86c209-d2be-4bed-8182-5853c0e3d2a0"
"6719d3af-d323-403d-a940-ea2baf4c0ba0";"aae189ec-8228-47da-85fc-60f3b2d6dc35";"4";"c9b1e31d-88db-49df-a04a-2bc518011c51"
"676ae97e-cd12-4383-be72-7ca914da9d21";"235a6efc-084d-4008-ba76-b372f4f0867b";"4";"f3d50af3-9058-44aa-8005-5957b808ca8e"
"678d6115-bc17-4959-b8dc-cba4e59d36e6";"4dcdd60b-919c-49f6-86f6-56d9f1ee8e15";"4";"fb4ef571-7d8c-4592-bdc3-9f6eae22e571"
"67b32c62-36a5-4d21-979b-874033dc8cb2";"cc5a3799-2e5b-4910-98fe-d2dfacb1b01f";"4";"0af8ae1b-8872-462e-809a-14a8ad1f7cd4"
"6832cb75-5a63-4ac9-badf-009ed37a3dac";"d819437c-750c-413d-9a6b-744242463bf9";"4";"a5ea2eb8-083e-48c7-832d-5f2a25f1a7c9"
"683b92de-9d4c-4116-8e4b-46e948b0ec23";"1f084de5-3cfa-4b1e-83d3-ad8e992ad9f2";"4";"ebdcf941-7bac-42cc-9fcc-79871192a2e5"
"688251d3-7fd6-4a4d-a3d1-f37501dc4de3";"edf9f5a0-1816-4246-b813-7722f87bd3d6";"4";"a8811f8a-dc63-4e39-bd7a-bd80d462209b"
"68a0579d-a24f-4582-814b-a90a4f36a206";"7a1ab66b-727e-406f-b189-013f07a29f1e";"4";"a69e76f5-2eae-4464-8442-a8f5a786141f"
"6917b1cd-b957-4d54-8a0a-ad289fbbd9e8";"f45baef8-07db-4f1b-af8a-441c3a40bee7";"4";"3443fff0-6714-4724-9727-73225f6b25f0"
"6926a725-a6b1-4423-a196-232b79c114a5";"1aa05e92-8730-4d1d-b2e4-089ee2fb7c9b";"4";"2d43d391-e280-42f5-83fa-90895d7c3d4b"
"69289eaf-257a-4833-94c2-a5901f78cda8";"7114ab06-648e-4a32-a6af-d38adfc2a715";"4";"236a222c-b830-48fb-83e5-59465e414495"
"6997cbb6-e230-4d07-8d07-7176ccc56fe1";"c8782929-3140-45ed-b152-8ce72da44b37";"4";"8cde37f9-c394-4f0e-a161-76757bbbc89b"
"69ac2db9-32ee-4881-bac3-9c5a3e3802ae";"fd7dcdae-c5a0-448a-86a9-586afc41674e";"4";"8d029152-9142-4390-a9f4-d26dbd102dcf"
"6a37d2b8-57d0-4aa4-be83-45d9c86ceb87";"42f40c1d-b3e3-4003-ad69-d58759e2bb4c";"4";"82141c49-b42b-4aa4-b1a7-c12392ee28d3"
"6ab73e61-ed9f-4b71-811b-335bd0add5d7";"e2d40c46-7903-49e6-839d-3249c650b6f6";"4";"0fafcf39-2eba-49da-a77d-7fceeff21dba"
"6ad9fd98-d466-475b-b424-de336f2f3534";"a3500f2a-94cc-4b68-bfbd-5dab7b977679";"4";"4c5b4b7b-ceda-42da-8745-6de8625d30ca"
"6b37ca03-cf41-4e33-8d6a-c5d2e931d3ef";"60a1e61c-f06f-4097-8af2-ab796c2658ef";"4";"62bc29e0-476d-495c-9f84-acd37529fcbd"
"6b47f86e-0334-43c3-843c-8cd08f423b0c";"4f51c98d-2f8f-4b83-841f-0e46a2e96e4e";"4";"7bc97d1d-5cd7-4e62-bc99-e370014a02c3"
"6b78fa34-5781-4846-9ec3-422f5e690a3b";"8b486db7-7711-40f4-b621-70e6c18da946";"4";"2369db9c-fa51-41d2-9dff-b7520e6ae649"
"6c1edcf1-0433-44b4-a66a-1ac24fcd6538";"2869cd84-6f06-48dd-b5f5-d74efb5448b5";"4";"78c20164-fa2b-4769-9817-a0b192b28d73"
"6c7bdd18-7868-43dd-907e-de3481effa7f";"e06eb53c-ee6d-4615-bf5d-dbcc380fa2c0";"4";"9fb45faa-0270-444e-bdad-17034c94d4fb"
"6c91d317-ada3-4879-a42a-1aabc84d60e3";"ee2a5675-d82e-41a5-abb0-7a1a1ce70224";"4";"bdbe0f9a-a88a-4cfd-8241-a546f50b1f46"
"6ce191c9-f33d-46e5-9c35-967e70b3b110";"49f56699-8da4-47b5-aa65-f22b16bea0e3";"4";"38c6982c-bdca-46b2-9d4c-5ef4869ba2a0"
"6d83122a-9e5a-4715-b2ff-5ec772f264ea";"64b4a8a5-8041-4a4a-92bf-eb51fa352d57";"4";"49aa7574-adf2-4aab-a07d-e430d6c9411b"
"6e4117c8-3dd4-42b4-bb22-3f7e5f45eed8";"ab216d69-1ea0-4d6a-bde3-e5d84157b3a5";"4";"f60da8c7-4310-4042-803e-d23278b34b4a"
"6e44f201-6fb6-4a64-9a9b-63b617ae2124";"08fdd158-02de-4eb1-9d49-81434707a8a9";"4";"20efaab8-e343-4c9e-8a87-c8f7a13e1155"
"6e79af9f-8523-4b97-bde2-80d9f27e807f";"bd2472f3-c67c-43f5-95b2-244ffa065e76";"4";"9aa41ca1-1a94-425d-b128-e91646236c69"
"6edb028a-e7cd-4402-8283-50bb49587e0e";"0da9cd5b-1b7e-438d-b378-50622241af90";"4";"ce210bf9-ee8a-48a8-80d2-43e3fe40b8b2"
"6fab5e21-4193-4c3e-89a2-44559bc4565a";"f355e589-c01b-422b-a7b6-ce6862c4194b";"4";"a9fbf203-155e-4176-bda0-9a6fdf7123fb"
"6fda12cc-08d4-4439-bee7-6425eec3898f";"ffdd181b-947f-4576-93ff-c8d55ad1e2ef";"4";"add9e310-6c7a-4570-9dfc-86d526661969"
"702b2287-d77d-4aa9-96bd-fa950c037ff4";"b49c1e76-5552-4684-90c4-6aac0d2a9bd9";"4";"ca6d5699-33e9-46a3-968f-f07d4e84ac4f"
"7102662a-56d5-4a8f-a3d3-40983ee98745";"646d0bc8-1d64-468e-a2b0-a24a16a8e387";"4";"8d595d42-aee2-4ffa-a46e-2fe2ab21c46a"
"712d971f-1e86-4a19-85a1-9862bbd06492";"364ad363-5f55-433f-a709-80e5dae341cb";"4";"4c0710f6-0996-439e-851e-1f1cceeb6640"
"71818991-603d-419a-8c33-26c20cd55cb6";"24a2e3d1-bf78-4858-a326-bb7d85e487e9";"4";"9c31e4e6-051a-440f-80e2-cff9c107021e"
"718c46ae-e6d8-4c5d-9bdc-6ef33dc87ff2";"6ff36338-7236-4e9a-a309-5e6728539f9e";"4";"06e3afa0-9506-4279-8e8c-ab0c99558e3c"
"71990b46-27b4-43a7-9a3a-558447dc318a";"e3d31b53-f430-4d07-87f3-c00de57d1baa";"4";"56b829c2-4b8c-4e28-9db4-3bdde10b5bfe"
"719ece07-8361-4b47-a3e2-06166e29d980";"8200f4b2-c612-40aa-b2a6-f97278c4a70b";"4";"9e30fbad-265b-4ee5-a19b-2f39937d0b78"
"7230bbe7-aa4b-480c-a312-886a51d030fc";"6042e49d-ad09-4be0-a8f0-3b4fb6bf34e6";"4";"7b567cf7-1737-405e-991d-f04895899c5b"
"7296c650-4276-480a-a042-b7d49ad76384";"60944672-c624-4111-8683-3f519ab11b73";"4";"11f20ece-6589-44b5-9500-647de9da616c"
"729a41a4-b0b4-4653-8485-2286090a4c3a";"c9791d4e-b92d-4e0e-a213-6077cd4fff50";"4";"48e39144-76cd-4134-aac9-d5da09832498"
"73fa9a3b-889c-4b9f-bf7a-93053d2f5ac3";"97e93258-cfc3-46d4-af2f-ba5958b052b7";"4";"e44fc158-8816-4b3e-8862-aba9bf1f975f"
"74308e19-3921-4722-95b7-edf60c2514f0";"6716012b-45f1-4ae5-8e85-7d00cfd21164";"4";"be5c6665-142c-413f-b8f7-52fcd4f0ead7"
"74555873-f48c-48d1-9af1-427e861160b4";"1e409874-ff6c-499d-ab31-d6b720127195";"4";"1d0823a6-c8d2-4daf-a98f-0b9280025d5d"
"74694be6-6cdb-4146-9131-3e11ddc22749";"ee183130-c402-40b9-b17f-622b8d3e0d04";"4";"84440f7d-9e3c-4970-9dba-992f870fe3b8"
"74a4b39a-9240-4ffa-b594-9b535b6dfeb2";"4fa59596-7668-4a34-927f-a612e28b6145";"4";"447301c9-f0dd-41c6-a4a7-3788da68eab5"
"74bd7fd6-4aa8-43b9-9290-7ae695d2f129";"6034ba2b-8b8e-4357-99db-7b3c2fd01f03";"4";"cfe2f08f-f179-4e78-a46a-f8f32800a4db"
"74d0434b-3935-4438-b150-cb6cf14b6c0d";"701db053-bbd3-456b-a721-5aecda1e5c08";"4";"5002165a-01ce-478b-9729-1753c3766d64"
"750c09cb-62fd-431d-a5bd-4b0b59b27727";"f16603d9-3339-46a7-a39a-01e9bfb9dbc8";"4";"43a4f908-ced7-4a81-acc1-3267e184766e"
"757f615f-15ed-4d33-bb90-c5831a9d38ee";"065b6c2f-1a00-4804-8c9a-30cf26421bfa";"4";"26b0bd3f-dd1d-4e3d-a325-d914cf7cee49"
"759a5c29-639c-4af5-ac29-87c1f2ef1548";"d3684fd7-f510-46d2-a50c-23258b607be7";"4";"616e6ff4-7722-4e30-b8ee-d901fd6ae84e"
"760a029e-4197-46fd-8f91-770fd6b9f6c3";"94fe57c3-8e31-48c3-9976-13f948e97927";"4";"d960c452-93d8-41e7-a476-70f3a761baeb"
"771b34db-28f5-40d8-8edf-d2f070113534";"33b904f4-e11a-4a8b-a87a-6d75b3dead80";"4";"3110db0e-861c-4245-acda-a4783ba4761f"
"77539a7b-c97a-44c8-9e49-2156d7866990";"e0ff8a0c-97b1-4c2c-b292-ec89bd5301ac";"4";"29d3731e-1399-476d-bbda-e4566987ccb8"
"77bf9b9e-3ea2-4374-8332-587d28a2a016";"aa8a5fde-9354-4187-a89a-4a6fadce50ed";"4";"35e41128-4bdd-4973-a677-6cdf7c48aace"
"77c2cfb2-87b5-4f35-a6fd-483027306463";"22f93c2a-9b2b-4fec-934b-af3367f615a3";"4";"c4d7e50a-3036-49a0-8470-73d27f514718"
"780c974a-00ae-4885-aedd-505693ae5d1a";"d30b0125-d779-421c-886f-250820520a84";"4";"86f53b87-0a0e-412b-81c6-0f121c6d9ba5"
"78543810-875b-487d-a4cc-4096c66cf916";"9c2c2fb7-fac1-4215-9939-aa43e3f55f94";"4";"33ae9a67-f168-43bb-832d-d7cff0d22780"
"787b4de5-3865-488c-8cbd-e73db64b97de";"e73f5ef0-6acf-43f6-b2f0-199d1c0201a2";"4";"17242aa4-8443-4f68-858d-a25b5b90f122"
"79e573ea-ca7d-4eb1-80d7-09580542ef04";"afe53058-6957-4244-9461-d466904fd3d8";"4";"c44885aa-0799-401d-b966-530ed23138cd"
"79f91261-677b-4956-b432-c6213a9d08ef";"995efae6-9baf-4fbc-ac47-45f24e9d4ba5";"4";"b60199bf-b5e8-44ee-8e21-278ed89385a9"
"7a4bceca-c68c-47a3-b5cc-3faae35540ec";"670d8fc4-13d2-4662-9a1d-76055212d0e3";"4";"0155dda7-a455-4a9b-8d49-abc016650981"
"7aaf0c1c-ee15-41b7-a5b5-faf0312522b8";"ddd2fb1f-97bb-4275-97e9-3d6872ddd010";"4";"1f4ec47d-83d1-43ca-abe7-dbb784f9a9fc"
"7ad9e6d5-15e1-4c88-af88-4d5b302ad7fc";"239e1fc6-f8fa-4d5e-b479-be979faad137";"4";"83ed1e74-b9b2-440c-904b-6f66270c6eda"
"7b3cc30b-f5f6-4324-a73d-f6b28d24e27b";"7ff26a9d-53d1-4d08-83c4-53d8bf8b6340";"4";"46003311-e395-4383-908b-ba750d138454"
"7b841f40-36f6-4d7a-8d1c-945c73e445e4";"1e5312c8-a61a-431b-83f8-05bf36a84356";"4";"65229913-bcbc-448a-ade8-803857d04ef7"
"7c8e8cb4-e4cf-4743-be57-0d665b0be82b";"5af78faa-c0c3-4286-8c9d-f9a95bbe7557";"4";"d7e32b1c-caee-44fa-a171-4748d57d4ff7"
"7cc1a781-83ea-4acf-8332-5b4bc4457c75";"869fc090-82cf-4143-9730-c29043f9cf9e";"4";"1bccfe9b-2e9b-4f54-b53c-b37513d72a83"
"7d47f7c8-2fcb-4158-8a72-88bfc02f0144";"e04200a3-af46-4165-9136-30409e1b4bca";"4";"29f90189-fb87-44da-92ad-3b4aa46bd8b6"
"7d58464f-5596-4f7e-9f60-d621b37c129c";"a38a08a0-e71f-4be4-8725-3497be31772d";"4";"d0e5aab3-6cba-407f-b39c-009fc5dd2188"
"7e01fd49-036c-4399-b9a7-3fba1d6d3f61";"732b450a-1168-48ec-908e-fa4afa9acef6";"4";"d80375ea-6f92-45f7-930f-f283826bbc4b"
"7e9088d2-4cba-4b42-b207-8e86d645adbe";"ca76f72e-320a-4b10-91b4-49fae6801f77";"4";"66c8a9cd-4936-4520-bd4e-94c66448a56a"
"7eba67d1-6e5b-443f-a7fd-f1ae9b211f80";"609620a3-6c94-4cac-b95e-3f4ad384b225";"4";"555e4bf7-a85b-4764-ba7e-74ee6e80cc10"
"7eeb40f7-c5a0-44b2-adc2-09ca0a0fdcfd";"f23b947a-c0d8-4b29-ad37-73a180a083c4";"4";"5f35f1a5-ed47-49d0-8142-18fbebc6844a"
"80b7103e-e945-41f1-bbc0-6b69df86b798";"0c312ff7-c75c-4f7d-983b-831fbe54338e";"4";"715a3ae7-0a74-435b-83c2-b0cc2accaa32"
"81a62776-5200-48b3-82e6-d3291d9b2318";"075e17bb-7432-4c69-92cd-9293d2a2b19f";"4";"de834ee7-28e8-4f34-8137-e20fcdac91a5"
"81d2ea5e-8606-4e9f-ae3b-09cc60990f12";"08d9bdc2-0cb6-48c0-9e27-550d7dd0112c";"4";"8153264f-f571-4470-871c-8b8a7ac186ae"
"81ea8cd2-3d63-4402-90ca-2179ea67bda0";"57e2c2e5-63fe-47ee-aead-a3cc715a51ad";"4";"b78f4b40-3340-4ec9-a65d-244cc156910a"
"825c902b-0a45-421a-bbc6-d7d983a87db2";"3b1bb9b6-e9be-4e4f-85e1-1d2f7ca0d1b8";"4";"5d9b7ea7-2a6a-440e-a7dd-fc959707a8b8"
"82844ec4-7421-4c79-affd-75f961bd9609";"db9227c7-cd59-477d-9bea-b62f87c2d693";"4";"6c9ab407-038d-4a2f-82bd-b9b85ff20167"
"82d175a6-987a-46f8-8d09-1fe3926084ec";"0ca336dc-2043-4105-ade5-814b77aa5975";"4";"73f930b5-d3c9-49b6-a7c3-4b039e98bc86"
"82db33ff-e761-4ba0-a467-9d45bb3c831e";"52003f7a-ae5c-4d97-8d52-9569f34e2b03";"4";"c138b5ae-0a29-456a-9812-a66202030a81"
"8393de15-5877-4e03-a14b-fa3f966bbd4a";"99ff627f-b984-4341-a586-57bcb37953ff";"4";"94672077-60ce-4ac0-b304-99ee3e5dbc48"
"83f06019-983b-4fd1-89ca-7c602203b9b9";"b06f38e6-c1f5-4529-b73e-64a402d4400e";"4";"bba38ab1-22e3-40be-99e2-a0836c9feeb8"
"84515071-b8aa-4c0b-8435-4260868f608c";"74dadfd9-2d46-4052-b4ab-3fd6768e0006";"4";"05ee2c15-e90d-4020-a278-1e760f681a41"
"85584661-1739-4e13-b652-a9c45b874d77";"b6260418-0e23-4e6d-87f6-bbae5e96c5e7";"4";"69232dc2-7d3d-4041-96df-9cd6e6405c5c"
"8569b94e-bcc9-429e-b4db-e77f8857fbad";"c565d124-fbce-4ef6-9e8a-d7fa84ce37b5";"4";"8daee8b6-d801-4dcd-b36a-6e5ea3fda31c"
"8595376a-113d-49a1-8339-91834c5bbdb5";"cc8a73c2-c0c9-4793-9250-12b5456929a5";"4";"4a766db1-4383-4611-bac3-32dcb7c39483"
"8654cd4e-365e-45a1-9012-c2f3eba5fed5";"a1701fc6-e06b-42a3-b0ed-d27e99b01b17";"4";"a2c672d2-afda-4406-abe8-a49512b68e40"
"873fbaeb-0bb8-4f9d-aa28-9a7f6e016250";"80738874-5e0f-446d-8402-54a602736973";"4";"8f1cb45b-a107-400f-b9d1-4d1d822ac08b"
"876da313-ad91-48b8-b7cd-6b2ea220d25a";"5762b0a8-96b1-47ed-ab80-a3a27b5ac177";"4";"b2a64ee5-7388-4e37-a6a3-133716ce4b0d"
"87c85805-0fa9-4a79-8e81-a3a15080a556";"41d7e54d-f997-44d0-a1a0-10b0b2ef4482";"4";"89d558da-bb3b-491d-b73f-431719782716"
"880fbad5-5613-40f1-a15f-526467ca650c";"8ff62fc1-e84c-4413-99c1-6130502b5947";"4";"bf9d00bd-a28e-4b68-aea1-191579cf69bf"
"883693fb-f655-463b-95cd-dc39025930c9";"6e38eceb-012e-40c8-8562-9b0f20160879";"4";"bce9d8a6-6020-4d12-a36d-5b11d207e882"
"884cfff1-2453-4600-8430-777e69c109ef";"649c9a22-e224-4ebb-a31c-96e8b1f19aca";"4";"5de9034f-b8a9-4413-9066-f0c5f6de061e"
"88e8844c-47f7-4fd3-808a-26d7e63710ea";"c4320297-f0d7-4d4b-989a-1b79f2dd9518";"4";"75bca909-d782-4c55-92f3-f64fa6b16a40"
"88fdbdca-04b7-422f-868c-c8b7c802374a";"8a8344d6-f548-4bd9-9efd-0c51c5bc43d6";"4";"4ff43a01-1df3-4ca7-b2ab-59ebc98336e1"
"890dbb8d-18f2-435a-82bc-9fdae8673da7";"e22d8cc0-2aeb-4452-9305-6e5bf0b85eea";"4";"d7b6d128-336a-48c4-a8db-44d0dc70dd7e"
"898bbb97-9e83-40e4-aaa5-a9961e11d34f";"cf9e195a-df44-4132-8306-6ad834d8e0ee";"4";"6c5031e8-d59c-49a5-8a3d-4d6c432bec5f"
"898de4ec-518c-4b94-b284-64d1ccb1ae5f";"a88908ad-f291-45bd-89aa-8bb62ddbf3cf";"4";"03ad9709-f756-46bf-a6db-edf23b37e4e4"
"89b36c10-70c1-495d-8b25-04185934346e";"8de82b42-e017-4be5-b8e7-91b5651dbb94";"4";"b4179516-53a9-4e8c-aa4c-04675c478703"
"89c22f93-bdcd-4d18-a6bf-a904586c2837";"477795ea-cb2e-4dac-8d27-e69bb466ae39";"4";"ce6ba2ab-7fa4-40a1-831b-ee3b83c89b82"
"8a29b0db-2dc2-4869-93b9-499eee7fb30f";"349c6ada-d14e-4d57-bff5-f0b3abb4aec2";"4";"09116b48-b36d-4bdd-bd9a-204e51acc687"
"8a9c8d62-bf20-4706-8e8d-ae65b9896ad3";"1d2d2016-9d06-483f-9fa6-84372385c777";"4";"6e963c25-58ba-4156-9c53-57ca7699355e"
"8ad523cc-7fd7-449a-8876-1def64874044";"3d68a15d-f6f6-4f35-83d0-78dcb21305ad";"4";"af560a77-ee12-43d7-8e2c-b5d5d8612af3"
"8ad562dc-b91d-480f-9db7-e397991acf9b";"62393d41-f8e6-4814-b1aa-75b2ca3708d1";"4";"2102c69e-6f2f-4a66-b71a-85a33260fdd9"
"8b3c240b-e8e9-4c52-946f-3bd9af390de4";"76e1bd08-a094-4eeb-8f79-47b83d64f2d8";"4";"a7e81b5b-53a5-4498-831f-0f9da09b4ff8"
"8b68d123-2378-4fc8-bcfe-36f965a4db95";"82be6020-9550-4532-a625-6b16ca7a2661";"4";"1bb8d326-e58a-4f29-bdd6-e291ecdea3a7"
"8be64444-66f5-4b30-a272-7461d14bb895";"a68f496f-db7b-443e-9bdc-2ac00497a742";"4";"3dcf714e-2614-4c3d-932d-cc818e01bc2d"
"8c075ca8-788f-4169-97fd-e1c62dd9e871";"3b12d9ef-8e2c-4d93-893c-aeadaf2f0187";"4";"64305c8f-9273-4f22-9395-83055b9eb3d1"
"8c13e8dd-888a-4ac9-8c95-35f990d76dcd";"5d8d38e7-a9b3-4d34-b75d-cfbfa6ae4e66";"4";"b940e7a4-0a7e-4a14-95a6-c09c089f7f85"
"8ca0be95-81a8-4c07-88ab-cbda57b80099";"b0e931d6-d44a-4ed1-8fa2-b94ce75c471a";"4";"6791a9b8-67fd-47ba-b175-438faea05cb7"
"8cd06b0a-f4de-49c1-aaa2-36f741f4dd73";"b1f921c3-48ca-460e-94fa-9ac542f80792";"4";"40233d79-d409-4fc8-9f6f-e4a1eee49b77"
"8ced898e-bf58-4811-8077-aeab577c37bc";"58a9f36c-6c1a-40b5-8065-1da1d52c87f3";"4";"1c640fb8-c5fb-4691-8880-4e8575e34ff8"
"8d08e8d4-1ca9-4cd6-941c-b9f58a7b843e";"55b6642b-13cd-42eb-9889-6287ec0ad28a";"4";"055a33da-b970-456e-b92d-4cde10ebf222"
"8d221861-80c0-403c-8de4-63ba18ba0ba9";"471af702-4632-4a0e-9220-c58f61092031";"4";"0dfc926c-7494-452e-868e-fd25f6410cb4"
"8dcd3719-ea0b-4007-a2bf-87a0b96fb099";"0a87ca04-3a73-4365-aae6-f45de0781829";"4";"fb331d4c-1868-4826-87fc-94817e1e04ef"
"8f0a4629-6688-4628-a002-7aa74eb0dfd1";"de0ce46f-5e5a-41cb-bba1-c3b593a824b9";"4";"1b08a83b-80e4-406a-86b0-e1fe09d336db"
"8f15aed4-99ca-44b2-82c2-a2c186cc1fe0";"be562199-9149-4762-b0d7-f56e14802a40";"4";"6efa17da-57da-466f-aafc-5abe67aad41d"
"8f52306e-ee5f-4a39-8308-3104e7440d1e";"7384d39f-03d8-4d19-9f29-4fb68de2d3d3";"4";"2fb9bf78-ad8c-46e1-aa3d-1992ecbd778a"
"8fef70bf-c8a2-4396-85d1-cc04b5cbb1aa";"b0786677-bee8-4705-b560-2aec170127d1";"4";"c6d6bd11-fddd-4728-9048-265b2a3cea0a"
"8ff6170c-1cc7-4089-bd63-c22cf5c2e423";"2ece2167-9e7f-49e9-a40a-70df5652cdd8";"4";"4c27bb9a-311a-4225-88c1-b4d13acf8ba8"
"90bdc0aa-72e8-4655-b080-74cf02b078ba";"57b71691-654c-4894-b988-74ada4dbd7be";"4";"4fcecbef-ac4f-479c-8acf-98f08880b13d"
"911e7485-2a7f-400e-992b-2831be50fb89";"a350bd11-6c52-4e75-9f71-7a7baba65b25";"4";"b661b1c1-9e4c-4d5b-a885-eb896fb66101"
"916fa940-5b81-4211-87f1-9c182e3dd6d9";"e98a9db8-0e50-4ff1-9b85-70dbe8d16c6b";"4";"91b89ac3-60c0-493e-8fdc-6c238b141359"
"91811a1a-206a-4da8-91a5-7b73983d3921";"962c18dd-b0f1-4af1-b578-e37adfcfd3da";"4";"daae8f25-ca84-4b2c-8b57-1a02bdb0a62e"
"922b31d3-807b-4901-ae11-ad1f437e29ee";"f56c18eb-2428-4c76-b61f-d878eaaa786c";"4";"36f61dbd-f905-45f2-97b7-fa07e0ef1046"
"925ef4bf-6b6f-4f60-b585-977c75d5144f";"d21c2ff3-fec8-4974-8dcd-701589188f38";"4";"f425839c-6877-4051-9064-dfc0189a23eb"
"9264e5d8-cfde-473f-b090-f8fee8d32c49";"b4eae479-e4b2-4de1-910b-238292b988af";"4";"12749b22-b60c-4c92-b692-8f2e2120d2ac"
"92789323-adc1-40c9-8e14-088aed1a67f6";"68fb933f-4581-48fa-9fb3-e5e2953d1377";"4";"9553cd56-212b-405a-9099-553e49881367"
"92871f50-f3d8-4bd6-8631-af4b99c0f4a1";"1d783854-1a7e-4078-bd1d-a335c924d5f8";"4";"c791a19d-25c7-4f94-a0f2-fdd021b6119c"
"92ee6098-d7ac-43a6-9e3c-e07f51ea7652";"9fc5e4bd-a82a-41bf-a89a-be5eddf977cc";"4";"d12547f2-4d74-4cb9-bf72-d80a6eedffa3"
"9336f089-3af1-4c4f-a07a-5c0d1b61e311";"031ff9d2-1d59-4002-a9c9-9ec566d0d16d";"4";"be61bf42-43bf-408a-aab8-f652cfada564"
"9380d3aa-9523-4e9a-9b07-fc4798c86229";"9f87429a-32a6-4860-8482-9784a40276d1";"4";"178d70d5-f56d-45af-a6ca-4aeaa4385924"
"942598f7-1ff6-4833-80b5-1e03a50f3adb";"27dc0980-6363-4184-8360-e17d42ffea0a";"4";"a1d1d302-e2da-46b7-a811-eb6bd7f4f465"
"958a90f3-3cae-4e11-9eba-dad23727a27d";"a8699b9a-b4bf-410c-b9a3-6fadf7553207";"4";"c32bb22e-92ee-488b-b1d1-1594330536ef"
"96a6fbaa-1401-4537-924b-d54ba8661921";"11af9eed-a833-4d93-bf15-77127423f406";"4";"21143abd-6dd0-4793-b8df-82f7b8a61595"
"96ebf426-3eef-4e4a-9271-568a4c6e555a";"c37c04f9-0864-4fda-942c-55e00b06a8f0";"4";"903cfe99-d113-47a0-be21-dbc57da4e811"
"981026ac-657f-4fcc-9862-d823b50d18c0";"eff106cf-2817-4ed5-9246-09a70763742d";"4";"84a185db-71ea-46b6-89fc-1d2a6953bbbf"
"98a8b87e-b31b-4fa5-9711-18ca55d28047";"5eb7b04d-ed3d-4707-a3bd-e961599209b2";"4";"31df6a17-cf1b-4fbe-808b-1b53d3f63955"
"98a9dfd8-98ab-4c79-9189-257f7f81813c";"c87a55c3-761b-4c6a-aac9-aaca09b80b75";"4";"b4f88283-79f2-4114-8ea3-1ac86bcb4a05"
"98b3e9c4-84e0-4857-a8aa-c301cca90682";"9e91d73f-12c1-460c-89c9-f6f2234b0bd2";"4";"5d17968c-0a94-40f4-abd6-e8f434d99621"
"98e8a05b-a601-4d3c-a577-6dc470571f21";"7ab138c5-7751-4b93-b209-6ecb42572dfc";"4";"2da54bea-00b0-4cf9-a467-947139445789"
"99384b85-951b-48d9-a991-f386121beab3";"0d2e6b97-11e9-46ac-957f-14ab6e2a40c3";"4";"ab182b3c-5e27-4720-8cdd-e9cd46fec3b2"
"994fa27d-f586-406f-87b5-d6ba2c2256ac";"29da1b70-bc14-451d-a86a-18eb24fa040b";"4";"c6683b72-5bd6-4e2c-806b-49069b8a1a77"
"997f53ed-27bc-40aa-98fb-8d50aea784f7";"50b2efb5-b18f-44a0-905c-872c87b2002b";"4";"41b4f525-de52-4e11-8574-b34bfe109373"
"9a3aba11-fe03-4ed6-9d4d-4035f231c146";"6afdae13-d11e-44ac-8c99-2d00284db83e";"4";"a4261a34-3000-4a14-9ed7-5d9cd4a4ec83"
"9a8b0fea-2b0c-4c64-9377-7801a60b5208";"5f50794f-f0d1-4a84-88ab-68382bbf2449";"4";"ae817dd4-85e7-40d9-b5ba-dfbe53d12e9a"
"9aae1ff4-0c73-4409-bc18-eff86c205ddc";"0fb3c6cd-0352-4e1b-8ab0-f9369548ad20";"4";"3e32c468-8162-40f3-8dfa-1e7911db54a4"
"9ac5adf3-a87d-4c90-95ac-4153e3fc5083";"387764af-2d27-4929-8eb3-d52077e7a45c";"4";"c26d113e-f6a0-4ae9-9564-9eaa1696c827"
"9addfd76-b17f-4ad9-8ce7-cf8fa45114da";"c6ece979-6132-4e57-a10b-e6e395ae4329";"4";"e626ed89-c865-4171-8903-4fef94efb06d"
"9b0e9696-ebf2-46ee-9010-2eb68255d5a7";"31e9ae2e-2b23-4017-b12d-c78bb0b55824";"4";"dbd4229c-56fd-489b-aea6-2d44060f089f"
"9b74dfc1-f74f-4631-b039-1d8a0a047118";"f5b385c7-8236-47e7-83c0-4a0e00ace537";"4";"dcfdf6e9-b814-44df-9a1e-8dae438bd2d8"
"9ba5a346-c6ef-4065-805b-dfd5205366f4";"d6de1752-4fb9-4303-9bd0-732e01ae72e6";"4";"a175b52a-13c6-4132-b186-9235311de127"
"9bc1d408-d7af-463d-bffb-fd06f2c099da";"2e454a71-7f75-4095-af91-4a26f9454bc5";"4";"d0df0405-cb17-4ce4-a6a9-faba21d7ea88"
"9bc72bec-6aab-4f6e-aa23-3b2231c8b49c";"09df282e-3418-4c7f-a3ba-c1d6368a2c16";"4";"c898fd6f-ac1a-47ca-8460-d7ae5b8a4e77"
"9c54eed6-8cb5-4428-9b85-190a98b9924d";"ffbbcca1-30fe-49e7-83ba-7b7cf282c59f";"4";"74bf7c6f-56a4-447f-a1c0-ce7b5d4b92cd"
"9cf630d5-18bb-440d-a7bf-ae3ea7325d36";"2ac22d4b-ba41-470b-bcfd-22c3e2218511";"4";"35fb69de-c7b4-470f-a4f9-50dd16bcdb2e"
"9e25268e-1abe-4d47-8c21-60dcc8d6b62e";"a641b1d3-a6c6-45dd-a246-14cf1f1d81ac";"4";"b94e51fd-f2dd-492d-9083-0abc9d2acb72"
"9e3c664b-a6b9-4533-a31c-d02499406bdb";"862f0e51-6ca2-49e9-8ae1-ebfa49952ef0";"4";"66d27ef6-702a-4d18-9262-a6083cea8eba"
"9e464dbc-c343-4df6-8471-51e4d9fcc3b6";"7bd0b321-f666-4a9f-92b6-2347ee9fdeed";"4";"6ceca9de-86ec-4dae-acb1-2dc28e96fc42"
"9e53ed50-561c-4c96-96b6-f21c7ed0ed5b";"64e07206-b412-4877-b1bb-45372da3a8f0";"4";"56f4c281-b5d0-4e72-91cc-e04a1a652413"
"9e53eeab-a2ac-4377-ab88-5196dda8ca58";"ac1029f6-45c1-434a-bd25-043a64faa690";"4";"57c3c223-2390-4cbf-a7b0-74a7cd68a025"
"9e7eeba6-50a5-462f-b197-31f670621c8d";"4289fcc7-b758-4b8a-b511-8b4bc1b633e1";"4";"1d5298c9-d96b-4636-8f96-14ed6436e898"
"9ebdc561-8b96-43f9-ab6f-2b9f468db18b";"3cbd0fa3-6ee6-4f1a-9d1e-5026b5569166";"4";"8ec43d72-f6cd-4931-ace6-889b27ca565b"
"9efcaa39-44d5-4a1e-a41f-1fc610c99cd6";"f67e0d29-8f20-4f01-9c3c-97843f6095dc";"4";"e2571fe5-e486-4622-a17e-a38f56b22431"
"9f3a9720-c571-4096-a868-5eb6d1e63529";"a718385f-f6a9-4829-ac4b-ce752a6677ed";"4";"1ceaa60a-7bcd-4e5a-85e0-44605fbb4fd1"
"9f58083c-2578-4a58-bd6f-d8912160fbff";"6198a1ce-fba6-4abd-a6c6-bfac6be2c5e3";"4";"17066d65-b737-4811-a1c5-15742aa0f4ef"
"9fc4eac9-2b28-4f2f-a6c8-3dbcca5e9673";"94809ec0-3c73-4c03-be98-32adc23216df";"4";"156238a8-1f5a-4d24-9866-b8ca5d39b109"
"a0fa2933-5650-4469-a32e-935c2d09724e";"6fab4a0b-4248-4f98-bab8-a6c7e496655b";"4";"edde0297-3cc9-4979-b9f1-6acb05bd591e"
"a10c0f0f-da54-4b6e-9421-6c1230326d1b";"64da847d-be01-4661-b9c0-6336c2a25189";"4";"e15bd9df-4f59-4404-b7db-0f32ac46081b"
"a12d3531-7c39-4be6-a054-ccce49e60aae";"556e49f2-d142-4c89-ac35-b32863f0d89e";"4";"8e1bc399-d97e-4320-95ba-d0a7bd5dac35"
"a149792e-69e3-403b-b3f1-781b43617dd6";"51800b89-20e0-4008-a4da-081ab9daa4ba";"4";"bd3cc864-9848-4c86-89ec-a59f8aad7829"
"a177ef9e-10fe-46f6-88e6-3e7826db8d97";"a3e8ca19-49c3-4378-a372-6656f8f3628e";"4";"cd63ff45-51ad-4d86-90a4-cd8691b73842"
"a1e6acea-a0c3-4b02-8779-87d753a2d51d";"14384dd6-55ed-4748-9d22-ac5b633c7f24";"4";"b2d259be-cedd-48fd-8e6b-d402abd6d7b6"
"a238b118-097d-4ed0-b55c-cddee30484c4";"8365dc15-c042-4215-9b20-65e76d1c8c03";"4";"3c0698ce-11a0-48e0-861b-9ff186b55476"
"a283896e-e565-40e6-83ba-a112a14e49ec";"bcc55bc7-cf59-4d09-a695-6f44ac424a05";"4";"e15dadc0-b9aa-4eea-90f8-b98c7684801d"
"a28a9b3b-a7ea-4891-83f8-3bede3b307a7";"ea046afc-7167-4a3d-82ce-9bfacfae4e22";"4";"04633a57-3166-4a7c-8d5f-b43845d284c9"
"a305d5d8-fd82-4f65-a658-8b31d7555b75";"0659a800-1f67-4b8f-8056-72a13712f0e1";"4";"d25b3339-44a5-44f8-b85b-541297f56732"
"a3a489e1-5578-4070-8779-fd91a48a35ae";"f8137e1f-8fc7-4aa5-b04e-3c906a877ae1";"4";"1d5d7ddc-edea-4f5d-a48a-b9b3f20abb76"
"a3a53a97-cc2b-4656-9320-81196fe1d3a2";"41280f79-a117-4eef-8829-2091eab91d8b";"4";"c0cd292e-a42a-42dd-9344-d6070c4e92e6"
"a4a47c1b-e2f4-4bcc-b272-f14c979341c4";"6cb4b038-127f-4c58-bf06-186897c85e4c";"4";"6bac240f-f6b2-4bc8-95b5-d1a7b8acde78"
"a4adda67-8e7a-4937-95cd-6e106644351b";"a1bc4abc-ce70-4155-8d23-05d0143d47f4";"4";"2f636544-89f5-4176-9911-3c7609b144ec"
"a507117a-6d4f-4b82-a817-5e823fadbe6e";"a35d8812-a51f-4152-ad2f-6164d076b9de";"4";"b23b7974-aa68-4d69-b610-c5dac4b6140f"
"a5315372-8170-43b3-b510-0ae32f986a48";"45d644a1-1bf6-4eea-af92-4552e92eed85";"4";"6af2abe5-ea04-4118-8624-c41f579b6482"
"a533201a-c85f-4fe4-8e8b-62260b6837f5";"ef701044-8b8a-4c54-a939-1dbfa6d2e62b";"4";"7d0709cd-afe6-4c90-8f92-a10ee5a4400b"
"a56559cf-6f7e-4360-901d-ee12e2d90b59";"bee5702b-2d2c-41e2-a8d3-175a3a94d830";"4";"229a1776-a302-473c-85eb-f9ac600bf176"
"a56c8a24-f247-4008-b7e5-62839868f369";"d2908e7b-f7fe-476c-9aaa-4af44d643e20";"4";"0e16832d-fe50-4059-8e14-6cb24676f0d4"
"a58259e9-49fa-4fb4-8e58-2388c7e62355";"4b602b06-73b1-4f90-bc3b-448e939c2d41";"4";"42a8d8b0-bce5-48dd-a5c5-497679f1ca57"
"a5e48252-71db-426f-862a-b4123e8945df";"7597baca-0543-4214-85e5-5b77ecfbeac2";"4";"dd826f65-74b3-43f2-a5a1-6d3326df925d"
"a63e71cd-d79d-47b9-b3bc-97323415c04d";"a4c08f42-d834-4cff-86d4-72320c639fa1";"4";"fea2dd68-6632-426f-a876-68f9dda8d5e4"
"a6c1a3f5-99c2-4bb5-920a-f2837893bcd9";"fe21e6db-fce7-45cd-b26c-5a299b801566";"4";"cd38fc41-22dd-4e28-a30c-6b8a90c84f47"
"a6cc89c9-2e53-43a8-9f3e-dd6b39b090c8";"5c7dada1-f14d-47af-b8a7-d32f0d0efd02";"4";"02df9002-dc1f-45f6-af26-3f92f06cc961"
"a6e0c366-0b06-419d-953d-beee4090e70c";"c1ed5494-e776-4dcf-aae5-be7df8d23b94";"4";"4dca356e-95d4-47e0-8c30-62a47eba7a43"
"a779ab88-0574-4521-a020-1cd43e887c96";"07a09772-b6a6-4d03-aca0-bda3fe8c8ed2";"4";"daa6d3c2-1f35-4779-a48a-36bbdac39928"
"a7a05e7f-3161-4148-9d6b-a6d41458e3e8";"8af39d45-61f1-42bb-a39d-e83cf7af0e5b";"4";"d80beee1-1432-47b6-a57b-0ff1793eed0b"
"a7f974a8-33ed-4612-8e20-a498f3cc025f";"2f3cb0ed-d2ba-432a-8c31-92661a2290e5";"4";"18ccb6c4-e273-43c9-b5ca-632ce33474eb"
"a877e214-9221-4374-9991-2239062539b0";"ec3a0ba8-fc20-4822-ae19-99c38f018fa6";"4";"b65b27ee-e927-4920-a9d9-450b59e218ef"
"a8abdf62-21d8-4a92-a1bb-1c67a44f0470";"785ac487-6b5e-4298-bb57-0131670618b1";"4";"b672e725-442f-4855-9f38-b6287ae14ba8"
"a8da8147-6aea-4db0-bda4-5b107023255a";"1954d88c-9d88-487b-94ad-6a09196565c7";"4";"7f4bc490-474f-405b-84a8-dba5bb423323"
"a9a92783-2106-4ef0-8abd-b4a52eddf93a";"db4f9ffe-39b5-401d-a4a5-6d553f1de7e9";"4";"9620754d-4bca-4b96-9d80-11a28ee7fdf8"
"a9ce7e0b-1533-4110-bdb2-2dd19799db92";"555e110b-287d-4030-acaf-8ed50f38f412";"4";"1b21b40b-32b1-4d46-92b9-d3956de740f0"
"aa38da83-e5f1-452f-bf63-5dac9f11918d";"efd20771-e382-430e-a563-29269d58f927";"4";"b8db1cae-705e-42f6-9b44-f4889cf2a4ea"
"aa44fb88-61f3-481a-8d26-5fb1e3d85e77";"512a5f57-61b5-4e25-a411-03ddc41004af";"4";"d816421c-0ef9-4de5-b366-d7ee0aced83e"
"aac49f72-e241-4bf9-a26e-69142f8be3af";"6571dfd3-6338-407a-bf14-6ec4ad53fe47";"4";"56d3c171-3e7d-4911-a1d6-f759194c9dae"
"aaf62f60-80e1-4a6d-9a5b-bee68529b8c6";"a5ecc0b5-c455-457c-85d6-8e1f13c250da";"4";"42ec6977-bbde-4fe5-868d-df114f0af34f"
"ab06008f-a1e3-48fc-8598-eee56d1d892d";"4ae5c103-1895-40e7-bbfc-6db454839fe7";"4";"b44c2152-8e63-4753-92a9-5aa6d5b09752"
"abe190d3-2093-45cb-af49-1bab9b5dccf4";"20200ed7-a671-4927-9704-d0140d55a8ff";"4";"d2d84488-4844-448b-a49e-7f933131d12e"
"ac3bf6bc-0dbc-498f-b733-5f580d06c392";"fd3e2387-64b8-4ec6-a233-a24dbc4c00ad";"4";"0948df4e-5ac9-45c2-97ef-7dd69a895c90"
"ac5bfc4d-23a7-4d05-a936-60ccce91caa5";"30440e93-a4e2-4ab3-9754-f3f182bfff4e";"4";"07cbc41c-5103-4feb-836b-eea8ae54baf2"
"acaca503-5fd8-45c3-9ecf-12395bd332b5";"4f65bc4b-6ccd-4ff1-8369-3b62386643af";"4";"551d2aeb-5b26-49c1-8738-1f64355f9093"
"acf1c6e2-4a7c-45a7-a533-97551e4e3e72";"8cf6cce7-ad5f-4654-a86f-f4e3a5deb7e8";"4";"23d9b582-6988-45c5-8d59-5d647623696e"
"ad02c742-0200-4938-814c-571a913aea41";"934616c3-e443-41f0-ac4b-ddd31fb6bafc";"4";"f33d6e27-de3d-40a2-b098-e7c4582b687e"
"ad51d26e-4002-47c8-8ff9-45bebd29aa4d";"51a3f865-5b06-46aa-b6e4-f06a6359036d";"4";"6f260a28-e4cf-4a57-8310-2086d65b3503"
"adc10242-b56d-4be7-862a-56be27eae05b";"02918d0e-640e-4695-9be0-199ccdf53fae";"4";"aee6b93f-f9ac-4a49-b412-c086eb07c9ec"
"add33d94-d9f4-4a76-aaf3-8a0360b78d5b";"3a07c86b-23e4-4c34-ad43-fefe8a632600";"4";"269bf5a9-b883-4251-9356-86419f8f0836"
"ae19c1c4-3033-4cd0-ba82-41547aad2fb3";"af52557f-742b-4ce3-afe0-7131c055c7d7";"4";"61807b4d-a8f3-450b-989f-00f794df5f7a"
"af28353a-f6bc-44d6-87e8-b040ad2823d7";"33fc2512-033f-4db4-bc4d-295e71282d7c";"4";"c5689b8e-0818-46c9-9b18-c261c4985624"
"af396a19-dbc4-4009-84b0-6dd255e16425";"6873dc8b-16c8-4798-bc08-606d7cb83812";"4";"fcf085a4-8cf1-48a7-84e8-0f99dcb2ef64"
"af5dcfc1-c342-4332-bb21-ad89b9daa6aa";"0704d9d0-1cdd-420c-b302-6e06376bf1fd";"4";"d828361a-7579-4c7f-a560-202b861ace3f"
"af9c15f2-154a-40b1-b0ed-4636ac353c35";"ef96d60d-7e35-41f5-9b27-26016b77c74e";"4";"77c67ad6-fc99-4b10-a56d-1c32f5f75a20"
"b0d3c9eb-dfe9-4c63-98e5-c31cdf3efcdd";"d9ec0102-7e36-4b14-a60f-47850af37796";"4";"bd14b9a8-5791-4020-8cb7-8821b238061f"
"b0f80135-aa21-409a-8a63-8dbef2b3493a";"2fc173e1-1f4f-4ab7-bbf5-aa9fddb9de66";"4";"69debb58-13f7-42fd-9fb2-59916a4fd5be"
"b136907c-124c-4c96-bbe4-47fbd735a56b";"d0a4dec8-c93a-4c5b-93c4-d7b0b55de992";"4";"87cd163e-63bf-4572-9783-48ce724f7dec"
"b1419298-5430-42b1-8240-95d330737f28";"2c4c02e9-a59c-499f-b56f-49e4e4881193";"4";"19013358-dc3c-4f15-9886-7350db83cb89"
"b15db88a-ebe7-46e0-9783-1b3262bf0ee0";"8e1f2ec8-1445-421c-b40e-469e93bb8966";"4";"71ac5c83-7123-46ed-8c29-930f2a2b1df5"
"b1ba8162-8645-4704-b628-22fea8f8c8a5";"fd731e51-90ec-4929-96f4-5f556e1f5ea3";"4";"b8bdf6a5-c88d-4f0c-aacd-b00a68973f86"
"b21582fe-00e2-4be5-9248-361243072e4f";"476f17d9-ab9c-41b3-abbb-601e8bf362ea";"4";"66601969-5e74-4b3a-abcb-0b5d19b72d8e"
"b305277c-a372-4229-8b62-24eca1374852";"63bb2f38-b4f4-4f68-a89a-2ed932b2f2fb";"4";"c30e1d5e-e6be-41f2-96ac-95bb5ad92018"
"b36cacf3-6cb6-445d-bc81-91df691a9d99";"0851e028-a3ca-4a2f-bfa5-f953b8e6d5f9";"4";"7291ab63-4818-44cc-a953-d2d77af24b7e"
"b378a307-8bac-4062-a4e9-60e523aa6721";"12f76f64-25cd-4bfe-a987-8b426a0f20ab";"4";"3d05b930-45cd-40c2-ab42-79a2d45b15b2"
"b37edb2f-116e-4873-9c7e-bee8140dcf63";"cc2ed4d2-fd17-4ad9-9f81-dcff740eaa21";"4";"469ad5db-73e8-4fb5-b09f-a61f9dec2c9c"
"b40f9b7c-b4c3-46ee-adfa-086b7d87e121";"f257b76c-a00a-46a2-b147-35f3e8000be2";"4";"77246930-e5ea-4cfa-8b35-d534b85d65df"
"b443aefd-c55b-4adb-96ea-e82c0a4cef6c";"5315a572-7a68-4c9b-9b53-205caa965cf2";"4";"fcb7fdf0-53f6-4909-baed-532d7c463c8d"
"b473db48-f6a4-41b3-89e3-4cffa6f267e0";"d2c8ba7a-51a1-42c6-a8c2-91670ce4bcb6";"4";"39b83912-5333-4010-aa8f-cd924e996257"
"b4e229aa-d204-4e5b-9238-6c3f911a580b";"3f439af6-aa4a-41b3-9b2d-525849593785";"4";"c84eb2f3-182a-4a63-94df-f7b14b38e092"
"b4f63780-4a76-4dd4-9b38-d046f8a7013f";"4e60133f-7025-4f18-b4ce-4473f6d1fdfd";"4";"9c9194c0-a6ab-4cf9-97b4-83ceb4a346a3"
"b573ecb0-06e4-4d63-95e4-7c2073c869c4";"1e67a960-0ed7-4a63-b941-32e05a3bac8f";"4";"26e37e2a-6791-4c22-9434-f6e8bd5b347d"
"b60e8b4f-eea4-4c90-bc93-62175eb13cfa";"f0e2cc82-7d74-4fba-8daf-3e33417e6489";"4";"dfd0884b-e4ac-4937-8418-1752b67e29f1"
"b67cb322-7fb7-4e69-aca8-707b58c986fb";"93eaca99-5456-4c84-8012-7fce6959b9b2";"4";"b41124ff-36b7-4e94-8668-ff6d83941f1e"
"b69c52dc-4b9a-4388-b097-6da3603a2559";"e41ce192-a312-4a8f-9407-de54c767be74";"4";"4e7c626a-eadf-4f8c-8b30-4210581a359b"
"b6afc818-7923-498e-a81e-b0273fe8fff2";"d0c2c8c1-9206-475f-8386-a40243c85f3b";"4";"d9bb7c31-cb80-40a2-85d4-f9df59ed6111"
"b6aff0bb-5ae5-425f-8c88-3abefe1dd2a9";"4d8ce515-657a-496a-a67a-c8c2095bd26d";"4";"dda667a5-030e-4347-a3ec-a655ff0edf02"
"b6fa06f0-16b4-4ced-888d-06230243cf05";"0762f8c3-54d9-4215-995d-7df41500a912";"4";"3b1c36f8-d1a2-4e38-8fcf-07f60a97f434"
"b7916ff0-a78d-4598-bd8a-2c76c13eab1c";"9c73f017-2c53-41f1-8dfc-0d92e0079a02";"4";"c537df03-e2c3-4964-aec0-d55452fc89e5"
"b837b9fa-66e2-49a4-b8c2-bfaceae76362";"d78a3972-b441-4009-b6fc-feb6d0abf033";"4";"53d391db-f43a-4055-862b-bfa97c7d0417"
"b8896f16-4467-4987-baa6-eced20653205";"b61c674c-eeac-47e1-a891-55363b8c2303";"4";"a21ba4e4-c448-4756-9d4a-0cd74cf73c85"
"b8b73152-9d70-4f1f-b392-06db0c46d043";"b347ef87-83e6-42fa-aae2-9b2d2398c3f7";"4";"0780e95c-ebd0-4fbb-9130-329a2222e767"
"b8d18468-2340-44c4-8e5a-9a86ad232b99";"3336c890-8d64-48ae-93fe-57d7bcb48e52";"4";"aea68470-5518-46b4-a835-f2316d2e9f4e"
"b9577f08-cf7a-46d8-903c-44a4262a2cbd";"0f764d08-0873-4271-a162-21dd5d1cc22e";"4";"4b1856b6-0cb0-41af-b2d1-0a582dc83682"
"b99b0e05-038e-4dfc-9aef-62dce6265d33";"f746a19f-d079-48a5-b6b9-79464ea4cb5a";"4";"d469aa9d-638a-4cd7-9130-f412a3b32a8b"
"b9a1f3a7-7e66-45bf-8339-2cd333b655d4";"d514af12-1839-45a3-a1d5-aff973b4c976";"4";"e95e6746-6215-4032-a5eb-2cfd9065097d"
"b9a3c470-3ff4-4064-b25b-87fae5c2154b";"83b6697e-57d0-489a-80c8-3f4b7b71b759";"4";"3946986f-ff63-4ea9-a15f-13d695fdf37b"
"b9f2b978-2b12-4acc-9368-9f773ad1f1d8";"b974e001-f317-48f2-a562-9fe6698be9b0";"4";"ab441825-ae9f-44fe-8302-8c52bcea8232"
"ba48ed69-3efa-4735-af77-d267e0235c9f";"5c99c30b-8a1f-4b4a-b787-6e5b90c3233b";"4";"1956a8c2-43a1-4792-be3c-52fd5ef956d6"
"bb71d02a-d82f-4781-a61f-4d243a048282";"515bd01a-edf7-460e-9d82-641c395015ff";"4";"d4198f6d-7a3f-4243-b5c4-38b0ee6d99e3"
"bb8c3f06-6de7-4639-80e3-b7a7ae1cfaa0";"97c3f091-25fc-4e3c-bc1b-7a678304df55";"4";"96769cf5-7f51-4411-818a-6efff1fea6e0"
"bba31a8f-4177-4d3b-9c5c-b0e90cdc9078";"cc8b50f5-1f59-49ba-9658-3c6b2e659dc7";"4";"6a234b4a-e449-475c-ae3d-dd1527691ac3"
"bcda3203-fb04-4ce5-9707-e245c758ff22";"fc536766-baca-43b3-a3d5-2ed8c4bb4e9c";"4";"7a585e49-6091-4d63-9205-9d5743f3282c"
"bd82c372-19d3-401c-b71b-a6ecf6574664";"cc129608-5484-4ba2-84f4-6207a8bb7a36";"4";"c5d8c8c0-a38c-4743-b85c-3b98812f19c5"
"bea66200-f232-4ad5-a725-b6a592744644";"07348005-cbfd-495f-bade-28d15b6e79c7";"4";"97f7e280-69d6-4dad-9f69-b79527888895"
"beb40047-1ff3-4249-97ba-0fc9420214ae";"b6b61ab3-c78c-49d1-ba89-ba42b0b2ed76";"4";"a9aaae61-0a82-4929-9851-4d57ca1e14a9"
"bf85ac1f-3c8e-4cdd-a845-45d4d46dd275";"a498effd-3c41-4c9f-b7cd-b0268a0d9bb7";"4";"69646088-6106-47f5-a2cb-65df9197b7c1"
"c073883c-7274-4b92-ab10-05e60a81ae79";"c38af60c-a3b3-4674-93ce-b252de899f67";"4";"e63c9333-afd8-4433-931e-e2b0c82229f0"
"c0bcbc5b-e4dd-483d-b104-7fe29df99d9a";"053250bd-593b-4acd-9b2d-8f4624bba451";"4";"7ae1b411-a1f4-4575-91cc-cd6338b3dba0"
"c0d01e1d-04bc-468d-9846-670088dca962";"6e9c25cd-3f31-4f70-9fa6-d15b682f3a11";"4";"b0ed3d24-6c69-4e33-a869-78a0a0a1fa36"
"c1634247-f26a-4d87-bc1d-f0ba89d6566b";"bb3b310e-ed9b-413c-9294-c9e8abfdcaab";"4";"e7af81db-8b07-4e41-ae75-595f330ba02e"
"c1c3efc0-2c69-4193-a8e7-87107e9aaa98";"1989d42b-3604-4916-9867-0913a1da9a07";"4";"2376dcdc-6768-499a-983f-754f5f95621e"
"c1da7c16-e14a-49e4-9de5-152354828fdf";"00b9355f-d453-45fd-a619-7cda51d20b0c";"4";"82a4cbe3-48e5-41a3-a05b-6684e62963cb"
"c22abb99-4aac-4efc-80ed-f9d78ce81310";"e4bc862f-8969-4e52-9184-366d88abee31";"4";"3d464bfb-c907-47f1-9f80-843bf0988402"
"c29b9d50-54a9-4f94-b301-cce0d0ff325e";"c604584b-2d94-4e9b-ac21-d704dfd19b06";"4";"f67d4504-a0e5-465a-a42d-18f0f00a91c1"
"c32e7afd-da7c-4c0a-bf54-83a06993feae";"85d7f00e-e62e-4716-9dea-da71aa890f4a";"4";"93b1252d-518c-4197-b3cc-4c2af6aa4364"
"c34b4a9a-68b0-467c-9163-420eeae5c858";"73f2f718-4a62-4c8b-95d1-15496c17aba8";"4";"1973c8bd-f341-469a-a099-4437dd42a811"
"c4155cbb-6435-4efd-a84c-9ab8970d56b0";"9c06fdbf-cdc0-4116-a688-d201671bb6c7";"4";"5082a434-083b-417c-95f7-1ebe3d4be2d4"
"c45fe1fb-9384-41ab-8974-5c9ce28a24e8";"0a3611cd-1436-4795-b422-9de813541525";"4";"1eeed16b-0de1-4e85-90ff-eace6f2c1547"
"c46f2984-9ad9-4f3d-bce3-9bd40648eb63";"cc0caf21-41bb-469a-b3f9-44f9dcd4dcb3";"4";"3aa75ca4-773d-4e3c-8d1b-4fd716f5acc4"
"c4967683-802d-425a-9b94-d18abde1f266";"47c36a98-ccc6-4e38-9bd6-483eee2e3af3";"4";"df99452f-9883-4617-add0-257c4a2157a9"
"c4a67293-a873-43ec-b2f9-76b28b3c9681";"a87a0cee-2159-4b68-a894-07afc71d1639";"4";"b39cb9d9-ddbf-43c0-a194-4ffa35318144"
"c4b1ccee-f482-47fe-93b3-b8ee846202da";"05d26fb8-2519-4f8b-b29a-fbc6e81fe50e";"4";"21d143f9-439d-4220-98b1-050c10377583"
"c59e7267-c13e-4b02-8c6a-e4bb3c8552ad";"919e4782-9943-49ec-8339-c91806dbd1a0";"4";"d44c42ad-b20a-47c5-84f8-6c6040831afb"
"c5ad59b4-fe0d-44a3-9b38-a4ec704e908c";"2ab9d8a5-9c52-4719-8d04-e1fe6618a918";"4";"0330e75c-f1e0-4b80-8fd3-d4aa760fc1df"
"c6307f47-754c-4e09-86f2-779cdd03a754";"b3693f89-e8ce-4ff4-afd7-a21b0f06be87";"4";"74f6966e-9560-460d-bf3f-7a2def77423a"
"c65b1725-4a45-4f19-bcb4-5d31329969c1";"01074445-6041-4a61-85c0-64d79f5cf43c";"4";"98459f24-7c65-47ce-b52b-59135707b97f"
"c6920e9a-f31e-4b80-ac80-6b32286959cc";"6fbeda3b-2e8a-47cc-aa7c-c78bfe5a6f4a";"4";"5b565667-2543-44d7-9f9b-6819d14497a2"
"c6ead500-14cd-4690-bd6c-10256a21fcc4";"5f15275a-97b4-45d9-ada3-dd98e25491a6";"4";"d4cc413a-f7c9-42c0-b23c-5eeac0246c12"
"c71e504c-88c6-4321-be06-e6d91e9a2c5d";"fa0af324-a099-4f63-b95c-64c01e3a3846";"4";"7dcdb23f-9af0-4827-a3ce-5b35b12f0ec5"
"c7655c5d-c8d5-4324-a738-68fe826ed92c";"53b5af58-ffe9-43d6-a8a8-a26fe0d8a883";"4";"c3645532-c41b-4fdc-a361-ded6934a74cc"
"c7732b7d-b6ba-4dcb-b7f8-3208b8b7fc59";"ef864049-986c-4176-b264-9224c557276c";"4";"b15aa060-7822-4c89-809b-32d39e556650"
"c7bd2d89-bc47-400e-821f-0c5183e2b3a3";"ad269b0d-b0d1-4f53-b033-e7b2aaed2be8";"4";"dae07870-57df-48cd-9724-cca74f102a65"
"c7c8b275-1ae2-4bd6-bcae-e8df72e51e3e";"ff818e87-6e98-4dd1-b7ea-71d26d8d6bc9";"4";"15a1c0bd-6d47-4f47-a82f-3a177548ea52"
"c896da92-1a44-4ba2-b156-82ad7cf6d700";"9e6c304d-c99e-4953-b5c7-64e223754673";"4";"06382b9a-6819-4069-ad45-62e0d66edd72"
"c8b767f5-cc5c-4951-8293-c368f6746f54";"1e027f2d-388d-4cf5-a025-519846135045";"4";"391db9a5-964f-4964-a25b-8ff419a16594"
"c8fc3cb5-cb67-4794-8956-debc8f1839d7";"82534744-9554-4822-a5cc-4b2d76a364e2";"4";"f9d0ce87-7d6b-43e0-a862-a42c8b26f45c"
"c96ca4f0-2a90-4c63-bc9d-8cdaabed0900";"5613f6a0-506d-4024-9e50-27688ae69628";"4";"f78add24-c541-4145-a013-4ffe55242170"
"c9805e9c-36a1-40fb-a608-094ff420b896";"787bdaf3-8901-476c-a53a-055f5b974fdb";"4";"145fea16-12c0-4fac-9f7f-9dc2cf9f6cfb"
"c99837ac-3c57-46a7-ba93-e2aa905b1529";"0d52ac16-53f1-466f-8563-7ab2052089c4";"4";"45b237ae-ae80-4809-a6d6-90f3a962d721"
"c9bd43e9-e2f1-4326-9360-3aa22956f1da";"63400193-d2e4-457e-8647-d86135764a60";"4";"89b22634-50b7-4a80-ab43-7d57a6c33c97"
"ca0312a5-d766-4cda-a88e-eb542a45189f";"ea0a3764-c6c3-45ae-97e5-526a78805fe8";"4";"568157d5-1cfb-41e8-8673-8e425662c15e"
"ca3dd746-2ffc-484d-8f3d-d05267b2ed38";"6e8bf745-fc40-46a1-a76c-6712113a03f3";"4";"47b90bcb-fa7a-4926-8ca1-aad12a429462"
"cad56bcb-00f2-40ca-8dfb-4e40c0221cb3";"805f847d-f1e3-4793-b0e5-ce3adce3a70a";"4";"b046053b-6884-42bd-961c-a0b0c4b81720"
"cafd7f09-198b-4acb-be6f-f95ce3b8e8f3";"25f1a54b-fe6d-463b-9612-f9fce31dc035";"4";"4a8949bd-c19b-40a1-b025-d8e75832f031"
"cb723b50-d568-4df1-b344-b09e1fab3570";"19a15f31-39d3-4445-8951-f88b621e6c02";"4";"262102ee-c11a-4a27-886f-8ca4476ed576"
"cb817069-ba02-4c7a-869f-ec7397c6d99a";"5a06faa4-2594-4b1a-8c2f-4643e7fa3645";"4";"f32a4c6f-4c11-4bd9-b352-44a574ea1b7a"
"cbbcf440-e7d1-492b-8786-afc0f903066f";"75bcae54-38fa-477a-9a75-cf62b77521d7";"4";"82ddfeb8-16d7-41ba-a464-67c7488d510f"
"ccd6c1a2-89f4-44c3-898a-127bb26974a6";"b81b9d53-f5c2-4314-b191-22fa1072f36b";"4";"4e23a613-9add-4b6e-9e49-f2f9f10a245e"
"cd40db41-aaab-47c9-af4e-c41cdd0c1db2";"8d9b889d-5ad7-4521-9487-273827ae8e6e";"4";"7a492625-2038-45ce-9991-a4e58d922c1f"
"cdcb58eb-12d4-4684-8406-b0e35039fc5c";"93368dd9-f4e4-4aec-b058-5a7313f0b206";"4";"589a01a5-2a20-443c-9967-450f60650d8f"
"ce04b437-5ab3-4414-8bc0-7e4a9dedad18";"2faf0090-ab32-4d9c-a00c-4bd1e0ea34d6";"4";"69f6086b-4745-4ba6-bfca-f63901fb874d"
"ce8d0b03-5859-4b8c-a31f-ca071c26532c";"c01168a7-8324-40dd-b7a2-1fe2547b7a65";"4";"3fe3b789-1b33-46b0-b77b-046f28ece6cb"
"cebe0230-a7fb-472a-9d24-6277547ecebd";"c1ef4418-f024-4b7d-ad31-bff3ad4e6c07";"4";"25ac966a-fe7c-429a-a8a0-a0398380ec6c"
"cf77ae83-bb2a-428c-b315-d20cd255a4c8";"a900d348-eb42-4a2d-8074-73b3a9a76f7e";"4";"76683edc-366a-49c9-84fc-3b8a8af1ba17"
"cf8e18ca-b454-41d2-b781-a010f5b873f6";"39742758-1555-444f-80bc-367008e44da3";"4";"72873b13-1334-470d-976a-182eef83a5ef"
"cfa5e4a0-5005-423a-935e-b16f58d68b55";"66ea2462-1830-4583-a988-d0c665fa0fe5";"4";"b0e2f79c-9bef-4031-bcdb-ab99dbd539b0"
"d10ae7f6-a6f4-43fe-97b6-a7be6d174e31";"5a2c9e3a-3c7c-412a-8ecd-c8c3e1ee7587";"4";"97c1b543-c4d0-4892-a6d1-608671f07272"
"d18647bc-b9cc-43b2-83fe-233a8d9ac6a4";"cf6c2959-ced1-4080-ada7-80f93420b90e";"4";"7f819b17-f5e7-48d6-9d1b-f38f0566d8e1"
"d198d3f9-40e6-40ca-ada3-a293634bc1fe";"652095c8-e61f-4a7d-9fed-6de11ce72261";"4";"ce4ab152-2114-43a1-9fa6-05436f2978ed"
"d1b43aba-a7fb-4bad-a4cc-5bb6d9194ee8";"5be5faee-7185-4c73-9b99-a2ed747cdf8e";"4";"96614ff9-dcc4-4fe0-a833-68b06690387b"
"d1c8ac84-d78d-432e-b343-79f6f760b881";"7bf889c8-93f4-4d6c-86f3-93cd3b50b651";"4";"17c52022-a024-43d6-b43b-f4802fc22d24"
"d1f41da8-c8be-434a-a5db-c8120f1370b2";"52dea733-073a-48d0-95c5-b1825085347d";"4";"bd1d8bd1-1c3a-483d-a14f-4fdbf11d8a37"
"d1f60303-d08b-4577-bc72-1370cfa8111c";"b57c1d14-c275-4ff2-8d7f-289af8b976c7";"4";"604822cd-5266-429d-a8b0-7b97fa46f992"
"d2aecf9f-fa9b-4118-b7bb-9b068c8ef38d";"40ad5390-7137-498d-8eea-34fce27cc788";"4";"6b523c4d-23b2-4623-bdbe-a2744a850350"
"d2e063f6-4dec-455b-a455-72653796cbfe";"02b33fbc-b780-41cd-adc4-87e02c2465c4";"4";"9a9bb8f9-05c8-4ba2-ab2f-b37a062b03f1"
"d2e46838-e6bd-4738-804c-cf4069041c4e";"74228dd1-d2bb-41b8-9ae5-b0a093ae5136";"4";"4357c3cc-b6ca-4391-a020-9c307b347966"
"d38a1a3b-fcbc-46ab-a38f-59ea1c7555a6";"7aab7ba0-8f30-485f-bb43-a5972fa7bc59";"4";"11d884d2-2700-49f0-a1b3-a76cb2b4955e"
"d3d611ea-171e-41ef-af7e-cb53a4879671";"904e7e0e-1bda-47a1-b59d-4bc659440801";"4";"ba7b1579-daf4-4695-ba8e-c6bc9236acb4"
"d429474f-a0d5-44c8-8755-7d1bcb96fbde";"1b7188a5-b626-42bd-b741-992b88be2bc3";"4";"cf5539f0-917f-483a-b51d-070bf2439856"
"d433fb33-36c3-4217-a2bd-16ab94796d3b";"ea79471d-7241-49a4-927e-891fd025dec7";"4";"454035e9-7980-486c-92c4-ea4285a677e2"
"d444b710-eecd-4689-8a55-30e3cac61542";"a30e0726-d6a0-4edc-837b-30213d1df596";"4";"67e81afe-da54-40b4-b5a2-1fd37145cf88"
"d4ab4390-cfe7-4e68-81f7-7d55e01beda1";"e9f338cd-3890-45e0-b11f-74205aa1bdea";"4";"a3b71e4e-0217-4e62-a9c6-39df2b66dd1d"
"d4f5866b-27ab-47f3-b092-e6cdc4609d6c";"42ba7e8a-7230-4f4a-9a65-e4de96160755";"4";"2ba342e8-ed56-44d5-9895-024aacfc7366"
"d5cc5e16-3122-44a4-bde8-97e94f38e7d9";"c1422ade-df6a-4686-838e-068de2e08adb";"4";"5d866237-b953-406c-b429-28a273dc8664"
"d5d04049-e931-49bf-a4df-a1053f5c30ba";"1034a663-be95-4b1b-ad5a-c03447272ea1";"4";"523a4490-0db4-4b61-986f-7be429f74a27"
"d675f223-625f-4f39-a01f-6263576c970d";"a39a47c2-9447-47a4-bf75-e4712ff989f3";"4";"e9782813-836d-47a9-8791-60fee1522801"
"d6b847c4-1243-4b77-8156-5b0b809298ad";"e65bb2c4-57b2-43d3-bc7b-e363115080dc";"4";"3fc05b09-55c0-44f2-b42d-1bf6375b5883"
"d6ee6435-5d10-4968-833b-dbcdaa1f483f";"5e792af9-3c0b-49d6-9817-4c0e2c0470b7";"4";"fe878f9e-132e-4d02-b016-ea8827ca8dd4"
"d6f6f478-5e9d-4f30-afd9-6329d71dbe68";"e9c5620a-4125-43b8-8417-c06f817d39a6";"4";"a9891dff-a3e9-4856-8a21-f406cf659799"
"d7391f48-4985-4654-89e3-d5e4f74d0923";"cf5148f3-51e6-42ad-9469-7260a345b8c9";"4";"3f718ebf-3632-4370-a70b-11fe5eaa6a25"
"d75bbda3-b8c8-4319-8cc8-de4388085292";"44672535-a400-40ba-87dd-9c29c787e24b";"4";"e4674d2d-b525-4b4e-b8d5-1297800205e1"
"d765f3ae-ad42-4047-8864-d45882dc3fd2";"a43e3478-5a49-4d70-b316-af09e07e3c91";"4";"a988a0a0-59a7-47d8-bc57-1b51ffa1ebe5"
"d7a1df56-23ef-4dfb-a8c3-c859eaba17ed";"40407906-ebfd-480f-a1c9-bbc732fb4878";"4";"a0149ec9-825f-422d-bf36-baa1fae9e265"
"d7b862e2-e1d7-4d10-832a-5c673e197f1c";"4a505a7b-c4b6-40f5-97fb-91699583c4da";"4";"b9eb560e-b785-4000-a5f4-f079583b5dbf"
"d7ca8ffd-0883-47f7-b62b-77a552f9e7bc";"940f16d3-f573-4115-add2-ff9c8ca3a8da";"4";"96b3f3c3-8233-428b-b0f9-e6c7afb05a80"
"d7fffefe-ecff-409a-910c-4252beebd33e";"ab793796-c22f-4495-ba76-43bc0a24f612";"4";"5324e211-e21a-47a9-8056-a87cfe536e69"
"d8e09408-7128-4537-abcf-57b2a4fa09d3";"3eeea1d4-e175-4ad5-b90b-bd71e19d0d3a";"4";"9765b5b4-7d63-4c12-8033-87ec9e641ae3"
"d97d3f81-e349-439a-a4ef-9b259dbeea9b";"49ba2dce-09d7-4b9c-abdb-f2cf38a56449";"4";"c7b0da6b-b3db-49c5-9cac-5686a4a55e6a"
"d9dee9ae-eab5-45bd-9c3e-2f9876079c5e";"51a5bc65-3836-49d2-8f92-e639f93a2dd3";"4";"aef135d6-7095-4df2-927a-0487f2deaaac"
"db537cdd-b191-46e5-98fd-772d2272441c";"18df7e40-52b7-4bd9-8fc0-7c1e9b503568";"4";"dc936f1d-959c-4576-8383-b02e31edbccb"
"db67d988-71a0-423d-b54d-c5a992b28f5f";"167ce3d4-f83b-43a6-be26-fa6796e81b4e";"4";"00453d90-415f-4471-a855-407ba9787a9f"
"db8b5d90-a25b-4885-b7cb-efd61d7f4365";"dd3b2596-9be7-433d-9f9e-ba0d8f18a9d3";"4";"c069f40b-6d84-49d3-8f05-16b48721515e"
"dc503631-adb4-47ab-b6db-178d17b7d693";"1c3eef12-7cb2-4551-bec6-b20594fe5ea5";"4";"fab191dd-3be3-4b61-b05a-b19997a67412"
"dd985049-c35b-4007-97f2-29e5df5cfce7";"c82cda93-1bd5-4bf9-bc90-1275b47fdfcf";"4";"e6b0047e-d121-48e5-a986-b5f3c0241665"
"dd993fa3-bd3c-4fb8-b383-69a56645cf0c";"d4076025-9483-4723-b3ad-100f85d7fc26";"4";"1765e342-b7fc-401d-9569-6058d73e9305"
"dd9f7575-482d-49c0-a5c7-8ffe6e77d576";"7792387e-7eff-47d7-a862-2c5a1f3ff848";"4";"d938f033-7871-4b35-a02d-573272e4230a"
"de7c172d-7378-4aab-bab3-83fba1ee0c51";"293211dd-3a91-46f7-a1ff-a60720208b5b";"4";"ef0d59bd-fcd2-4040-9cac-5334b82ba06a"
"deb59429-4365-40df-8d40-ffe0eba397e9";"b5d961b1-146e-4a0a-b0d6-549b723dccd5";"4";"c70631ff-bb80-4fff-8ead-940320524f51"
"df62b5e0-88e8-4e1d-8587-434f1fdaab32";"832b9d7d-b574-453b-bf7a-6a17af74c1aa";"4";"65013c8d-3b28-4c15-a595-d54e68d1eba5"
"dfdfabe4-414c-4860-83b6-05e59b337421";"545f96d5-a3ef-4f91-8907-e622a2f60a09";"4";"912ebd87-36ac-48f7-a521-fb535abae6b4"
"dff86825-a3c3-4012-a45d-3eacb49017aa";"77cc4b6f-e72a-475f-9f9c-83c66b6fcc10";"4";"3379098c-57b4-4c27-b0d9-b8ca41465e36"
"e0126cc3-b2fe-483a-8fba-edf01b36cccc";"531a583e-897c-40cb-b166-64dcef16c297";"4";"2644d445-5f50-474d-b215-56c8aad58bc9"
"e0856d6c-68f8-4da3-95c6-fcfe6ba0694d";"d168907f-1d0f-4751-aa42-8e044dbcc217";"4";"a2bb6cde-46b7-4160-ae2a-b472bf3cd240"
"e09abad1-0f5b-48b3-b0a7-e245446e1c12";"bd452146-42ee-4027-a06d-4fe6c0de6064";"4";"d5b34469-5544-40d4-b023-29e617732edc"
"e0e71669-f857-4b25-9b47-1e69256890d6";"46b838d0-918d-429e-8221-bbd507173ec8";"4";"c41519df-672b-401d-9316-92845afaf466"
"e0f101a0-769d-4d0c-add1-285d9e2823e0";"24cdcec0-8207-4f3a-9d7d-9a99f438a30a";"4";"c4577e99-4000-4ea3-a80f-f19677e8171c"
"e180fc40-ad7c-47b1-ad14-df71d6b6e4ea";"eaeabe52-37b9-4082-833e-b05f8e9ea311";"4";"b5ba62bf-5dc5-4b46-9678-6ba115fed1a5"
"e1cf726a-204f-4f83-a751-15cc5987a0ee";"817695ec-5916-4f4c-9d5a-fccfbf85bc28";"4";"ad940d95-71d7-4049-ba3f-181bd46c83d8"
"e2a354ed-4fa3-47d4-bab3-2d5d4af5350e";"4cf328d1-061a-4d69-8e12-58c29b26eeb0";"4";"e104cfa1-8a1b-462b-a930-e237a3a567e4"
"e2c015bb-0541-4547-b955-465a2faafb9b";"49272d3b-d3ef-4fc7-930d-369468244cdf";"4";"4e6675d1-c161-4401-9aad-a4895bb694c3"
"e2f5ea02-d71f-4fdd-86c9-8efb803c4bf0";"6f4cd183-0745-4c37-82b3-bcd80ed0db98";"4";"1b63826a-e781-4ac5-8842-cd31e8590641"
"e35c3e9c-b4c8-4c37-b780-81665b22f18c";"49c2a92a-da71-4968-a944-164eb3b40346";"4";"c8efec3e-2b38-4dfe-96a9-9127e5d4db1d"
"e3d4f048-26be-45bf-a052-d376be49f80d";"20a580a3-c36d-4fe1-a8cc-b79d73a06a6c";"4";"d684df99-dc19-49ff-b3eb-5f4f748000a5"
"e432a61b-4f17-40fd-9a37-d63d02778ce2";"37f0051f-64b1-4d84-8891-f92c844a4bc1";"4";"8080f995-1f9f-4f68-ae43-8f326e407615"
"e48c72a2-e31e-457b-873e-6f0ee9a6678f";"b71c9b8d-ee20-4af4-801d-d6814f5b018a";"4";"03adb3fb-a4c3-416c-affc-982a3f080fc4"
"e539e05c-844e-4fd0-b69c-dd5e1153f6d5";"576b6206-0369-46a7-808d-1018d062f7c5";"4";"cbf3593a-91e6-47c8-9e4d-3739097b22c6"
"e63e4f24-e5b2-4fc3-8c27-1778d4afcc93";"46b59861-d64a-404a-8fe9-cdfc39a1bd07";"4";"ade5dcae-d095-4e44-a269-933df5084511"
"e6a55752-45ef-45bf-ba01-08e33e198bf9";"174e1f93-3af3-40cd-9cac-8d11cc5479d2";"4";"c8bf4276-b946-45c8-be2e-507e1f849455"
"e6e50121-cda9-410b-81f3-492ca5748f51";"979227a5-6ce2-4701-a2e1-aadcfe91aefa";"4";"31478613-4fcf-4677-af6b-a85238a6e6e8"
"e75d93b4-a26f-4df1-8dea-eea250bb0812";"ec8e5d52-1968-4db7-b58f-8ccc6eee15df";"4";"356ba5a9-b03f-4d1c-b50d-1bfeeafd6154"
"e76e2085-b20a-4f96-a526-aff5072e58eb";"f88f08c1-cf1c-4f30-bef7-866de54d44c0";"4";"4edb3180-9665-4999-99cd-3bfe9806ccd2"
"e7e7276a-dc1e-49e6-8f29-f080ba8cf9a6";"2f291aed-d7dd-4648-b331-fee3dfd73dee";"4";"59d5f08f-e95f-4c9e-91a7-fc75530dfe00"
"e7ebe29c-4d22-40a0-8e56-986e41c47d52";"54fcac22-ce41-4690-a321-0d8b0cbc879b";"4";"d619181d-5af7-4493-9f83-37e5a15ed57b"
"e803ccae-ddd9-47d5-ae0e-c78aa4d61829";"8220aa8e-e0b1-4089-9ba1-f1cee37f0edf";"4";"ecba4c71-29a2-4594-a7e7-09274b9bfaa0"
"e82635f1-cc2b-42f9-94b6-5252784f60b3";"906c57ec-00c6-49ab-ab72-cd34129a5e66";"4";"c5da3cd7-2da4-482c-9065-7b9bba454942"
"e8b6849f-9d05-41b8-9683-989ce24e591d";"f30af2b6-f7ba-46fc-8a8e-fffd1804e342";"4";"6b82da83-9de7-483f-b6eb-de3b803e337b"
"e8d86f0a-3dc6-4895-b3da-787f1a5926a8";"a5b87dec-ef84-4c68-be4e-17adfca0f950";"4";"8a7be758-9c28-4290-874f-2f9cfcfd9a1e"
"e8f429c5-9642-42b5-9d8f-156277af589f";"8420a46d-47b9-4e2c-a064-627b1361498b";"4";"e1fd0240-d65f-4ee9-9f7d-8fc4e3e66ac5"
"e8fb7cd0-ea71-4197-9a4c-f01bbc691b17";"04bec07d-6c0b-4a67-b071-f111162e2b0a";"4";"4fb78c1c-9b43-4e5e-b532-ef3b870082b5"
"e9c521f3-c9bd-4c01-81f5-baec89e57e74";"e2179da1-3c82-45e6-898c-44795e158f9b";"4";"58fee557-ebfb-4048-b04f-cdfdfe17df24"
"eaa16535-6c05-49e5-b3d2-037a2a1a73f4";"4952efe5-6932-4b2f-8f18-d3520587fb2b";"4";"6beeac5a-e8ed-47a1-96ab-77aae9f5c737"
"eb13ee69-9a3c-4a2d-bc8d-e7968315cdc5";"29855837-d2a1-4e78-bf04-22dcd11d409a";"4";"3baec34f-feec-4ca9-9903-f718a562edca"
"eb4609c3-7e67-4e22-96c8-e4c9258b391b";"7b745cab-de86-4993-abb7-fbef5f27b086";"4";"1e5cf532-13ef-4ee4-8e91-5899f6cb3788"
"eb49849a-64e9-4665-b563-63505233679f";"a44a3cc3-3ebf-4d8c-ad57-7f6ba2d8d906";"4";"6ab93b94-f20b-48cc-86a2-90b7b776e20a"
"ed32618f-a7f7-4439-afcc-9e23570eadff";"ae41c5f1-4588-4b48-be19-c5f59292f233";"4";"6c428e9b-421c-4dc7-80fe-2cb8882178bd"
"ed487a19-86ac-438c-8f0c-faa7b0291fcd";"a4418bc4-e1cf-48cc-8811-951ddfa27e2e";"4";"e8696a2b-4586-4dee-bfb6-202239c7e729"
"ed57225b-7de5-4597-b095-1d4cbf854a28";"5d0ecac6-efe9-41f7-acbc-70bd2863584e";"4";"a551d359-18b6-4f03-911d-302f7f7a9610"
"eea325b9-241c-4ffb-ae41-1d37c083078f";"692eef06-2ce2-46dd-8c02-756053d0a322";"4";"b1a30b45-2484-44d6-9398-eb849ef97f73"
"eecf465f-f6eb-4900-9d9d-05d6a933e1f1";"d4fb8567-c8cd-4847-bef6-8e04f852b6a8";"4";"1b42725c-245c-4fc1-91c1-d476c21e1d43"
"eeeb76cc-4420-4ee1-acf2-82111560f981";"ffac8351-e11f-45df-b6a6-1681be171e00";"4";"6ecbee0e-e566-49e7-8a38-ef187c2ec23f"
"ef792fce-fcd4-4f35-a65b-94fd7f42a440";"be0417da-39fa-4696-9171-874b83599ac1";"4";"00123987-1cd6-4ab3-aecb-fa0b1c49375a"
"ef9d9b25-8a05-4cca-a8a4-31c4e0370f78";"91c05fed-9e87-4277-a84b-3ae3043fd98f";"4";"7a4f71eb-ba2c-4b59-aecc-eb716988f61c"
"efaac8e3-1add-435e-a60b-b07ef752c45b";"0419c65a-2e43-4cf1-9224-fbcbc93b09ae";"4";"1841f2d0-3e8d-4b2b-a9d3-dfadcdd1ec57"
"efaf57f4-5dad-429f-9e0c-39c31a915001";"c535ca8f-8c68-4a7d-b164-3933923d56ed";"4";"fc9e742a-c032-4ecf-ac15-4d057ec46fa8"
"f0160f81-dfd3-4faa-8bd7-024b8be775ef";"28acfaaf-c031-4223-99c8-1c12830d89a2";"4";"6fb7ff15-f59f-423a-9e72-077feb298999"
"f073ddea-f076-4c74-a26b-e07f76111577";"f7b69a11-591e-42fd-ac5a-abc71f458371";"4";"1e48fade-048b-4e53-ad86-ec66924d8860"
"f1bd774d-5da6-43ac-ad64-0e792cb769f7";"019deaa2-34c1-4ae4-a513-08a28f8e0106";"4";"6dbced30-cfd4-41c7-b900-86bd178e45db"
"f2833251-f52b-46ba-bdb2-bd1e691e8216";"6dabfd43-4ca3-4856-8da1-c0ef01e9c1fe";"4";"0203e2bc-9b52-4e9a-baec-36a06bf26a13"
"f2f4b7b0-abde-46c2-8be7-da051ca3a5bd";"253c187b-ed26-4a16-90f8-fcfe2332e78b";"4";"5eba3a06-6e86-4023-9783-14109d31a11c"
"f3886b78-75e8-4614-a1d8-a8d502339945";"fc31dc18-bff2-457c-9482-e0491497e22f";"4";"4b482929-4e31-4ab0-bd84-ce455c348892"
"f38cab89-964a-463c-be65-bce03caa522d";"718ddaf1-664e-4617-8af9-5c9b79eb1ed8";"4";"4fbe442f-1b00-449a-a48e-64874c6df99d"
"f3e96205-45f8-4d13-9928-63de198cedc8";"776c5b9c-69a3-4d84-b604-585f53f32732";"4";"ede82be6-e32e-4864-82b9-258a16784ee4"
"f3f23927-5295-4096-84cd-735669ecb134";"7a6a4ef6-6d1e-4f2e-9ffb-c0ab401a019d";"4";"c15eaf1b-c250-40c6-b2bb-560e42c910dd"
"f3f8a6ae-04db-4197-b399-3006b7282250";"2b0cc0d5-2c9a-4d94-bb08-e1cfb901bbb3";"4";"94d9399d-2211-4d71-8c95-8ee8107ba5f4"
"f3f90a69-5b63-4e15-9259-c18708a9f3be";"70a983da-8c59-4baa-8ad8-b82cabec7d60";"4";"06fc0d1a-adf4-4767-bcfe-46a93c86e6dc"
"f41e0fe9-548f-4daa-a73d-779500e9325d";"02dfc606-e0f7-4085-b466-20ddf31facfc";"4";"652a74b9-1f88-4fd0-805a-3ce5e47cef84"
"f455e3db-7933-4b52-93a9-86003ed3775a";"0e1ee250-da7a-4217-97ac-5b4ddfcc392b";"4";"808b4445-af33-498a-bf40-2efcb6e1ff31"
"f468c20c-2dac-4995-9ab6-98a88c7946c7";"d2480321-65f4-4fc8-82b0-67dc11c297af";"4";"f6dc5938-86af-494b-b7ff-4cbd5af20dcc"
"f4b2114f-1ea5-4eb9-a03f-c9d764dd318f";"50566b98-a303-42c0-8e48-9173ccc34a50";"4";"bab76344-ee8e-45e4-8105-5b9e2cbd6c17"
"f575c3a1-b8f5-4361-b994-e92d0820a94c";"68a5e468-c39c-4dac-ba3e-754902a6ca6a";"4";"65babe5a-1b64-4279-8b30-928c7905b28c"
"f62b6ce4-5f7d-4129-bd4d-3e8644dbe93b";"2d0bbbe3-5d70-4e3d-95cc-39503421a8db";"4";"06068772-9c4e-4815-af39-4c7679d9f8fe"
"f691f459-ca47-4b14-915b-160df4c1ee92";"b34949fe-4ee8-4829-a0a7-029ec6b39951";"4";"4fbf83be-fe8c-4327-b97a-69a355f63afa"
"f71ea9d7-e99a-466e-9d3c-f34178227b26";"eb1bd374-830f-40db-97f7-b058b7458a90";"4";"471f2ef7-92d4-4cf1-8ee2-b48aee2e1961"
"f791b475-868c-40cf-83e3-9636d7ba0c8b";"27b0aff2-082f-493b-93a5-09e42f4ced67";"4";"80727235-303c-440f-b5c1-a529b4118c63"
"f7a748d2-c3db-4d10-8400-18e3fd8cf0f5";"d836cf09-89b0-41e1-9927-e1a0c37ded33";"4";"58e0f82d-a899-4bd4-9fe6-a440771772be"
"f8520bb9-be51-43ed-a8ad-39e95641a66d";"d03fb014-9c04-4d2e-ac4e-d69381bbd2c0";"4";"a1eabbcf-2024-4160-a9a8-6c940b9cd810"
"f8662ccb-2504-49a8-b3e2-9060718cc2ed";"1da3136a-5fa2-4013-b8f7-90cc7728edf6";"4";"c5d613bb-99e8-44ca-a418-5b3e5d5376be"
"f8693048-7d4d-4e3a-a374-2815bb94eee2";"c15c1f54-3f22-4ef1-852a-c8a6333e981d";"4";"736b1eb9-045d-4682-bd98-8af103f10fe8"
"f87f31e5-3f86-4a73-8b89-17e48755d538";"4e37e37f-a2f1-4f77-bed7-d2b3e1c4f5fc";"4";"f04279ff-0e2a-4010-b291-37a3b1b3786a"
"f88e1628-774b-4abe-aafc-69227ce42814";"6ba1225c-b035-463b-ba04-a09a7edc54a9";"4";"2c40a260-c1c0-43c0-83d0-ed370d3ace4a"
"f8aec098-422e-4dca-aeca-14e8223ec109";"4019635e-9ef0-423b-9e2f-6dc46c094a4d";"4";"ef48300b-d429-40f9-9d21-5702189fa755"
"f8caad9b-9e99-4e29-85ea-6ae83856d4a9";"565e2d08-7de5-43ca-839b-5cb47d68894a";"4";"1c7f44de-c3a0-4279-ac16-4fd21318fdb0"
"f97c6be3-359b-465f-9735-524950a3bce7";"ad43fffb-442a-4741-85f3-99cc2e633f9e";"4";"7a475bea-4345-436c-a198-ab459906791b"
"f9cd1b32-1a1a-4fcc-835e-2539cd4e9ecf";"406580f8-413a-40de-9ada-28ce3725a666";"4";"8254bd52-5705-4f64-affb-5917ba348de7"
"fa34dce7-8929-4261-9ab7-cc13d9f91b5f";"a16f4fc3-88d0-4750-beb6-3123e418da54";"4";"471b0df1-8c99-48e7-954b-54b5fc9f208e"
"fa451b3f-1756-4db7-a91a-e054a6897ac5";"9e1a5f5f-30f9-4be6-9c64-9e50b05f9950";"4";"ad90b11d-4d70-42d3-bc87-1fddc7547d08"
"fa9160cb-ac31-429f-9de5-c5218ddbe1b3";"ac9f8c0a-0334-407c-a37f-c5aa3e5a6eb7";"4";"aef5543c-e283-479d-8dde-a0fdfb47ffb2"
"fad2016e-6c41-4ad3-ace0-e6f33a4e2921";"cec34164-afc7-45c6-9d3c-75f5e0473f33";"4";"e2ddee3c-1104-4cdf-b12d-982f2c9c7c91"
"faf9fc5b-175f-4969-87bb-be34b0fb1a4f";"a932be35-2b98-43f7-b0f1-ccf89f0b8f8b";"4";"bff8acc9-d039-4c3f-b49e-c6977e94fc3a"
"fb9735e2-aba4-41e6-a840-fd886260854f";"7dd0c9b6-98a9-4b8a-9b95-304be09ada21";"4";"61d6db83-56bb-4e54-80d4-261bf5d45b46"
"fbf537bf-ae1c-4492-9bad-6e0a33d8cd18";"e0301e9b-dcd2-428e-8b30-5ccba83206bf";"4";"f725ba2b-867d-4c34-a29a-1cb3cfb9367d"
"fca50277-c620-4cbb-9d7c-43926beba009";"445fa9de-9487-4376-9bef-09da00b5f672";"4";"31d8103b-82ea-445e-acf1-093c21f29345"
"fd20c028-4438-4f44-95e1-2aa340e2d324";"1025b8a8-3953-45ad-ae73-1898de1acba9";"4";"d12cae94-d736-4b59-8594-2822a0f20063"
"fd2ab0e5-e4c0-4149-bf43-b0c94c882216";"871a763c-6543-4b47-baa4-2c61903083f1";"4";"5bcda762-c051-41cb-9ccd-48410db9bf5e"
"fd5eb51e-e401-4c44-9bc4-c5056d3b7181";"5b8576fa-02f2-427b-b6ce-7cd006e37c9a";"4";"a59bcd92-4a14-4004-bfc0-52249c5f8085"
"fd70f6b5-4c47-4d6c-b4ba-a723a970aa67";"8b5b57c1-48b8-4ebb-9750-91d6521a1e14";"4";"d1386b21-16bf-4cfa-b62c-00e8dee1a2ba"
"fda85ec9-c94e-4de0-bcbd-92f1b588c7a0";"ea944939-0647-46ab-9081-87c628d78426";"4";"deaf9052-6408-47db-9ae2-2e960ef5d4f8"
"fe01be23-a024-49f3-bf90-c3ff6cdc1b34";"1eb2a1d7-746f-4a8a-b987-2fab40868de0";"4";"7cf44f35-f838-4dd6-9887-e9c1547f2f45"
"fe8dcaf2-f64e-42e4-929e-a0d0e7e1b36c";"3fcced1e-63f8-48ee-bb8c-6d6d8a154019";"4";"65adaa18-d204-403d-8c0d-a07001383eb2"
"fe9e2905-6303-4d1a-ad12-f8e1784ef055";"c9c9c9e1-c9e7-448f-9aa0-e1f6bb824575";"4";"eac12075-297d-408b-a91f-1179f54f9ce6"
"fef0e081-431a-48e6-b5c5-c6acde248d6f";"b146347c-03b4-46a9-874f-683d4a5ceb70";"4";"1802b535-bb40-4834-a876-6d853d00356d"
"ff46e7ea-5a58-4388-8142-f4c63c7b2579";"495b2b6b-85e6-45c4-ac65-c83ef3c8955b";"4";"afdc64a2-cd0f-4246-9578-6feb9a189012"
"ff77236a-f90a-48ff-a5ab-54f8fe1f44f5";"d3ef625e-f9ab-498f-8387-c2311039f4ab";"4";"8f9893d9-51e6-4cd4-b81d-f13bd2d551ca"
"ffbb2525-a564-418d-a5ec-33e47d573d88";"5e34a875-5c29-4f70-847e-2f7893834ac2";"4";"6d43391c-3257-43c9-b862-9d75abb36967"
